user_id,question_id,subject,topic,answer_correct,confidence,time_taken,expected_time
S1,93,DSA,Stack,0,3,7,8.0
S1,73,DSA,Stack,0,5,4,8.0
S1,278,DSA,Queue,0,1,12,8.0
S1,2,DSA,Stack,1,4,14,
S1,146,DSA,Stack,1,4,10,8.0
S1,262,DSA,Queue,1,2,10,8.0
S1,152,DSA,Stack,1,5,15,8.0
S1,115,DSA,Stack,0,2,8,8.0
S1,288,DSA,Queue,0,5,10,8.0
S1,229,DSA,Queue,1,4,13,8.0
S2,52,DSA,Stack,0,2,8,8.0
S2,12,DSA,Stack,0,3,11,8.0
S2,19,DSA,Stack,0,2,11,8.0
S2,28,DSA,Stack,1,3,12,8.0
S2,133,DSA,Stack,0,2,13,8.0
S2,283,DSA,Queue,1,4,4,8.0
S2,246,DSA,Queue,1,3,13,8.0
S2,66,DSA,Stack,0,1,3,8.0
S2,55,DSA,Stack,0,4,6,8.0
S2,32,DSA,Stack,1,2,14,8.0
S3,198,DSA,Queue,0,3,5,8.0
S3,246,DSA,Queue,1,5,11,8.0
S3,42,DSA,Stack,0,1,7,8.0
S3,72,DSA,Stack,0,5,9,8.0
S3,81,DSA,Stack,1,3,10,8.0
S3,83,DSA,Stack,1,4,7,8.0
S3,281,DSA,Queue,0,3,11,8.0
S3,8,DSA,Stack,0,5,12,
S3,9,DSA,Stack,0,2,15,
S3,233,DSA,Queue,1,2,6,8.0
S4,41,DSA,Stack,1,1,9,8.0
S4,160,DSA,Stack,0,4,8,8.0
S4,106,DSA,Stack,1,5,15,8.0
S4,161,DSA,Stack,1,1,8,8.0
S4,265,DSA,Queue,1,4,6,8.0
S4,157,DSA,Stack,1,5,7,8.0
S4,200,DSA,Queue,0,1,13,8.0
S4,127,DSA,Stack,1,2,10,8.0
S4,53,DSA,Stack,1,5,3,8.0
S4,129,DSA,Stack,0,5,12,8.0
S5,56,DSA,Stack,0,5,14,8.0
S5,216,DSA,Queue,0,4,5,8.0
S5,265,DSA,Queue,1,2,5,8.0
S5,5,DSA,Stack,1,2,14,
S5,201,DSA,Queue,0,1,4,8.0
S5,49,DSA,Stack,0,4,13,8.0
S5,241,DSA,Queue,1,3,10,8.0
S5,38,DSA,Stack,1,3,6,8.0
S5,195,DSA,Queue,0,5,12,8.0
S5,287,DSA,Queue,1,3,10,8.0
S6,112,DSA,Stack,1,5,5,8.0
S6,35,DSA,Stack,0,1,4,8.0
S6,194,DSA,Queue,0,4,3,8.0
S6,113,DSA,Stack,1,3,13,8.0
S6,95,DSA,Stack,0,2,3,8.0
S6,68,DSA,Stack,0,3,7,8.0
S6,117,DSA,Stack,1,4,10,8.0
S6,164,DSA,Stack,0,4,13,8.0
S6,56,DSA,Stack,0,4,7,8.0
S6,19,DSA,Stack,1,3,7,8.0
S7,132,DSA,Stack,1,1,7,8.0
S7,149,DSA,Stack,1,1,5,8.0
S7,244,DSA,Queue,1,5,12,8.0
S7,281,DSA,Queue,0,1,5,8.0
S7,131,DSA,Stack,1,4,8,8.0
S7,167,DSA,Stack,0,4,12,8.0
S7,21,DSA,Stack,1,3,3,8.0
S7,233,DSA,Queue,0,2,15,8.0
S7,275,DSA,Queue,1,4,15,8.0
S7,274,DSA,Queue,0,1,12,8.0
S8,43,DSA,Stack,0,2,7,8.0
S8,77,DSA,Stack,0,2,9,8.0
S8,272,DSA,Queue,0,1,3,8.0
S8,99,DSA,Stack,1,2,4,8.0
S8,12,DSA,Stack,1,3,11,8.0
S8,67,DSA,Stack,1,1,7,8.0
S8,114,DSA,Stack,0,5,12,8.0
S8,147,DSA,Stack,0,1,9,8.0
S8,236,DSA,Queue,1,3,11,8.0
S8,70,DSA,Stack,0,2,13,8.0
S9,234,DSA,Queue,1,4,3,8.0
S9,229,DSA,Queue,0,4,13,8.0
S9,112,DSA,Stack,1,5,14,8.0
S9,227,DSA,Queue,0,2,9,8.0
S9,48,DSA,Stack,1,2,9,8.0
S9,228,DSA,Queue,0,5,7,8.0
S9,136,DSA,Stack,1,5,9,8.0
S9,242,DSA,Queue,1,3,3,8.0
S9,43,DSA,Stack,0,4,12,8.0
S9,186,DSA,Queue,1,1,14,8.0
S10,127,DSA,Stack,1,1,7,8.0
S10,36,DSA,Stack,1,3,14,8.0
S10,26,DSA,Stack,1,2,9,8.0
S10,49,DSA,Stack,0,1,11,8.0
S10,235,DSA,Queue,1,1,14,8.0
S10,80,DSA,Stack,1,5,5,8.0
S10,34,DSA,Stack,0,4,3,8.0
S10,230,DSA,Queue,0,5,7,8.0
S10,9,DSA,Stack,1,1,5,
S10,139,DSA,Stack,0,1,8,8.0
S11,67,DSA,Stack,1,1,6,8.0
S11,103,DSA,Stack,1,5,9,8.0
S11,101,DSA,Stack,0,1,5,8.0
S11,83,DSA,Stack,0,3,6,8.0
S11,80,DSA,Stack,0,5,6,8.0
S11,20,DSA,Stack,1,1,5,8.0
S11,212,DSA,Queue,1,4,11,8.0
S11,150,DSA,Stack,0,4,8,8.0
S11,241,DSA,Queue,1,2,10,8.0
S11,280,DSA,Queue,0,1,6,8.0
S12,34,DSA,Stack,0,4,8,8.0
S12,279,DSA,Queue,0,5,15,8.0
S12,250,DSA,Queue,1,5,8,8.0
S12,95,DSA,Stack,0,1,12,8.0
S12,203,DSA,Queue,1,1,10,8.0
S12,9,DSA,Stack,1,5,6,
S12,199,DSA,Queue,1,1,8,8.0
S12,74,DSA,Stack,1,5,5,8.0
S12,206,DSA,Queue,0,2,4,8.0
S12,1,DSA,Stack,1,3,8,6.0
S13,136,DSA,Stack,1,5,12,8.0
S13,22,DSA,Stack,1,3,11,8.0
S13,60,DSA,Stack,0,1,13,8.0
S13,89,DSA,Stack,1,3,4,8.0
S13,246,DSA,Queue,0,4,5,8.0
S13,185,DSA,Queue,0,3,12,8.0
S13,81,DSA,Stack,1,4,8,8.0
S13,32,DSA,Stack,0,1,5,8.0
S13,171,DSA,Queue,0,3,8,8.0
S13,187,DSA,Queue,1,5,12,8.0
S14,52,DSA,Stack,0,5,10,8.0
S14,72,DSA,Stack,0,1,13,8.0
S14,272,DSA,Queue,1,3,7,8.0
S14,62,DSA,Stack,1,2,11,8.0
S14,107,DSA,Stack,0,2,9,8.0
S14,238,DSA,Queue,1,1,5,8.0
S14,69,DSA,Stack,1,4,13,8.0
S14,106,DSA,Stack,0,1,12,8.0
S14,125,DSA,Stack,1,2,8,8.0
S14,13,DSA,Stack,0,3,5,8.0
S15,159,DSA,Stack,0,1,5,8.0
S15,202,DSA,Queue,0,1,14,8.0
S15,266,DSA,Queue,1,2,8,8.0
S15,233,DSA,Queue,1,4,7,8.0
S15,234,DSA,Queue,0,1,5,8.0
S15,87,DSA,Stack,1,1,7,8.0
S15,183,DSA,Queue,1,1,12,8.0
S15,126,DSA,Stack,1,4,7,8.0
S15,164,DSA,Stack,0,2,9,8.0
S15,50,DSA,Stack,0,3,10,8.0
S16,202,DSA,Queue,1,2,5,8.0
S16,172,DSA,Queue,1,3,11,8.0
S16,199,DSA,Queue,0,2,5,8.0
S16,225,DSA,Queue,0,3,13,8.0
S16,131,DSA,Stack,0,5,8,8.0
S16,162,DSA,Stack,0,5,8,8.0
S16,183,DSA,Queue,1,3,4,8.0
S16,10,DSA,Stack,1,5,4,
S16,92,DSA,Stack,0,5,6,8.0
S16,88,DSA,Stack,0,4,9,8.0
S17,169,DSA,Stack,0,2,3,8.0
S17,262,DSA,Queue,1,1,15,8.0
S17,199,DSA,Queue,0,5,12,8.0
S17,4,DSA,Stack,0,2,10,
S17,278,DSA,Queue,1,5,6,8.0
S17,92,DSA,Stack,1,4,12,8.0
S17,31,DSA,Stack,0,5,3,8.0
S17,65,DSA,Stack,1,4,4,8.0
S17,273,DSA,Queue,1,5,14,8.0
S17,22,DSA,Stack,1,1,10,8.0
S18,108,DSA,Stack,0,1,11,8.0
S18,143,DSA,Stack,1,4,13,8.0
S18,126,DSA,Stack,0,5,13,8.0
S18,151,DSA,Stack,0,5,5,8.0
S18,20,DSA,Stack,0,2,11,8.0
S18,60,DSA,Stack,1,2,8,8.0
S18,97,DSA,Stack,1,2,10,8.0
S18,249,DSA,Queue,0,5,7,8.0
S18,82,DSA,Stack,1,4,3,8.0
S18,239,DSA,Queue,1,3,3,8.0
S19,231,DSA,Queue,0,2,10,8.0
S19,122,DSA,Stack,1,5,12,8.0
S19,117,DSA,Stack,1,1,15,8.0
S19,79,DSA,Stack,0,4,13,8.0
S19,8,DSA,Stack,1,5,9,
S19,43,DSA,Stack,0,3,3,8.0
S19,63,DSA,Stack,1,5,11,8.0
S19,37,DSA,Stack,1,5,4,8.0
S19,32,DSA,Stack,0,5,3,8.0
S19,146,DSA,Stack,1,5,4,8.0
S20,72,DSA,Stack,1,5,7,8.0
S20,223,DSA,Queue,1,1,13,8.0
S20,176,DSA,Queue,0,4,9,8.0
S20,95,DSA,Stack,0,5,3,8.0
S20,39,DSA,Stack,0,2,8,8.0
S20,202,DSA,Queue,0,2,9,8.0
S20,185,DSA,Queue,1,1,5,8.0
S20,77,DSA,Stack,1,5,10,8.0
S20,257,DSA,Queue,0,5,5,8.0
S20,243,DSA,Queue,1,5,10,8.0
S21,17,DSA,Stack,0,4,7,8.0
S21,238,DSA,Queue,1,4,15,8.0
S21,226,DSA,Queue,1,2,5,8.0
S21,165,DSA,Stack,0,2,10,8.0
S21,68,DSA,Stack,1,4,13,8.0
S21,131,DSA,Stack,1,1,3,8.0
S21,107,DSA,Stack,0,5,10,8.0
S21,190,DSA,Queue,0,2,14,8.0
S21,153,DSA,Stack,0,5,13,8.0
S21,23,DSA,Stack,1,5,9,8.0
S22,283,DSA,Queue,0,5,3,8.0
S22,269,DSA,Queue,1,1,11,8.0
S22,155,DSA,Stack,1,5,14,8.0
S22,146,DSA,Stack,0,3,6,8.0
S22,88,DSA,Stack,1,3,6,8.0
S22,42,DSA,Stack,0,3,6,8.0
S22,13,DSA,Stack,0,4,15,8.0
S22,236,DSA,Queue,1,1,3,8.0
S22,280,DSA,Queue,0,5,3,8.0
S22,69,DSA,Stack,1,4,14,8.0
S23,248,DSA,Queue,1,4,11,8.0
S23,160,DSA,Stack,1,5,11,8.0
S23,148,DSA,Stack,1,5,10,8.0
S23,233,DSA,Queue,0,5,15,8.0
S23,215,DSA,Queue,1,1,12,8.0
S23,146,DSA,Stack,1,1,5,8.0
S23,169,DSA,Stack,1,1,15,8.0
S23,193,DSA,Queue,0,1,6,8.0
S23,67,DSA,Stack,1,4,6,8.0
S23,5,DSA,Stack,0,2,6,
S24,40,DSA,Stack,1,4,15,8.0
S24,42,DSA,Stack,0,2,5,8.0
S24,85,DSA,Stack,0,3,5,8.0
S24,70,DSA,Stack,0,4,8,8.0
S24,3,DSA,Stack,1,3,10,
S24,46,DSA,Stack,1,3,11,8.0
S24,134,DSA,Stack,0,3,8,8.0
S24,222,DSA,Queue,0,1,12,8.0
S24,56,DSA,Stack,0,5,10,8.0
S24,250,DSA,Queue,0,2,12,8.0
S25,239,DSA,Queue,1,1,10,8.0
S25,172,DSA,Queue,1,2,14,8.0
S25,217,DSA,Queue,0,3,3,8.0
S25,155,DSA,Stack,1,4,7,8.0
S25,182,DSA,Queue,0,2,5,8.0
S25,54,DSA,Stack,1,1,9,8.0
S25,212,DSA,Queue,1,4,8,8.0
S25,183,DSA,Queue,1,2,15,8.0
S25,141,DSA,Stack,1,2,5,8.0
S25,135,DSA,Stack,0,1,13,8.0
S26,286,DSA,Queue,0,4,6,8.0
S26,165,DSA,Stack,1,1,5,8.0
S26,262,DSA,Queue,0,5,15,8.0
S26,253,DSA,Queue,1,5,4,8.0
S26,37,DSA,Stack,0,1,15,8.0
S26,126,DSA,Stack,0,2,4,8.0
S26,21,DSA,Stack,1,3,15,8.0
S26,227,DSA,Queue,1,5,8,8.0
S26,53,DSA,Stack,0,4,9,8.0
S26,28,DSA,Stack,1,4,10,8.0
S27,140,DSA,Stack,0,5,14,8.0
S27,158,DSA,Stack,0,1,4,8.0
S27,214,DSA,Queue,1,2,7,8.0
S27,97,DSA,Stack,0,5,8,8.0
S27,1,DSA,Stack,0,1,6,6.0
S27,234,DSA,Queue,1,1,3,8.0
S27,14,DSA,Stack,1,4,4,8.0
S27,170,DSA,Stack,1,3,15,8.0
S27,198,DSA,Queue,0,4,15,8.0
S27,250,DSA,Queue,0,1,7,8.0
S28,246,DSA,Queue,0,1,5,8.0
S28,286,DSA,Queue,1,3,10,8.0
S28,11,DSA,Stack,0,2,3,8.0
S28,145,DSA,Stack,1,5,5,8.0
S28,82,DSA,Stack,1,4,13,8.0
S28,177,DSA,Queue,0,5,12,8.0
S28,99,DSA,Stack,0,5,5,8.0
S28,149,DSA,Stack,0,2,12,8.0
S28,72,DSA,Stack,0,4,7,8.0
S28,160,DSA,Stack,1,5,12,8.0
S29,245,DSA,Queue,0,3,3,8.0
S29,272,DSA,Queue,1,4,14,8.0
S29,242,DSA,Queue,1,4,15,8.0
S29,49,DSA,Stack,1,2,12,8.0
S29,152,DSA,Stack,0,5,11,8.0
S29,92,DSA,Stack,1,4,5,8.0
S29,159,DSA,Stack,0,4,15,8.0
S29,11,DSA,Stack,0,2,6,8.0
S29,210,DSA,Queue,0,5,7,8.0
S29,201,DSA,Queue,0,5,11,8.0
S30,263,DSA,Queue,1,2,8,8.0
S30,268,DSA,Queue,1,3,15,8.0
S30,41,DSA,Stack,1,3,6,8.0
S30,175,DSA,Queue,1,4,9,8.0
S30,27,DSA,Stack,1,5,3,8.0
S30,120,DSA,Stack,1,5,9,8.0
S30,273,DSA,Queue,0,3,3,8.0
S30,198,DSA,Queue,0,1,15,8.0
S30,74,DSA,Stack,0,5,10,8.0
S30,167,DSA,Stack,1,4,8,8.0
S31,25,DSA,Stack,1,3,10,8.0
S31,290,DSA,Queue,1,3,5,8.0
S31,178,DSA,Queue,1,5,13,8.0
S31,273,DSA,Queue,0,1,9,8.0
S31,33,DSA,Stack,0,2,7,8.0
S31,101,DSA,Stack,0,2,11,8.0
S31,135,DSA,Stack,1,4,3,8.0
S31,162,DSA,Stack,1,1,6,8.0
S31,77,DSA,Stack,1,5,12,8.0
S31,131,DSA,Stack,1,4,9,8.0
S32,187,DSA,Queue,0,2,13,8.0
S32,160,DSA,Stack,1,2,10,8.0
S32,234,DSA,Queue,0,4,15,8.0
S32,27,DSA,Stack,0,4,8,8.0
S32,188,DSA,Queue,1,5,10,8.0
S32,22,DSA,Stack,0,3,15,8.0
S32,96,DSA,Stack,1,2,14,8.0
S32,262,DSA,Queue,1,1,12,8.0
S32,105,DSA,Stack,0,3,8,8.0
S32,244,DSA,Queue,0,5,10,8.0
S33,71,DSA,Stack,1,5,11,8.0
S33,60,DSA,Stack,1,5,12,8.0
S33,34,DSA,Stack,0,5,11,8.0
S33,63,DSA,Stack,1,5,10,8.0
S33,33,DSA,Stack,0,3,14,8.0
S33,226,DSA,Queue,1,5,10,8.0
S33,172,DSA,Queue,1,1,9,8.0
S33,199,DSA,Queue,1,3,15,8.0
S33,115,DSA,Stack,1,2,11,8.0
S33,98,DSA,Stack,0,5,11,8.0
S34,270,DSA,Queue,0,3,13,8.0
S34,35,DSA,Stack,0,4,13,8.0
S34,16,DSA,Stack,0,1,3,8.0
S34,289,DSA,Queue,0,3,10,8.0
S34,250,DSA,Queue,0,4,5,8.0
S34,193,DSA,Queue,0,3,6,8.0
S34,56,DSA,Stack,0,1,13,8.0
S34,286,DSA,Queue,1,3,15,8.0
S34,23,DSA,Stack,0,4,5,8.0
S34,252,DSA,Queue,0,2,5,8.0
S35,96,DSA,Stack,1,5,12,8.0
S35,159,DSA,Stack,0,1,6,8.0
S35,122,DSA,Stack,1,3,10,8.0
S35,34,DSA,Stack,1,5,3,8.0
S35,157,DSA,Stack,0,5,8,8.0
S35,65,DSA,Stack,0,4,8,8.0
S35,75,DSA,Stack,0,2,12,8.0
S35,101,DSA,Stack,0,4,6,8.0
S35,238,DSA,Queue,1,5,15,8.0
S35,104,DSA,Stack,0,2,10,8.0
S36,123,DSA,Stack,0,1,13,8.0
S36,246,DSA,Queue,0,5,9,8.0
S36,165,DSA,Stack,1,2,15,8.0
S36,98,DSA,Stack,0,1,6,8.0
S36,182,DSA,Queue,0,1,13,8.0
S36,42,DSA,Stack,1,1,10,8.0
S36,106,DSA,Stack,0,2,13,8.0
S36,242,DSA,Queue,0,4,14,8.0
S36,56,DSA,Stack,1,3,13,8.0
S36,52,DSA,Stack,0,2,6,8.0
S37,18,DSA,Stack,1,3,4,8.0
S37,222,DSA,Queue,0,2,6,8.0
S37,127,DSA,Stack,1,5,12,8.0
S37,42,DSA,Stack,1,1,13,8.0
S37,184,DSA,Queue,1,1,6,8.0
S37,180,DSA,Queue,1,2,10,8.0
S37,79,DSA,Stack,1,4,7,8.0
S37,255,DSA,Queue,0,4,3,8.0
S37,201,DSA,Queue,1,3,10,8.0
S37,246,DSA,Queue,0,5,3,8.0
S38,230,DSA,Queue,1,1,5,8.0
S38,256,DSA,Queue,1,2,3,8.0
S38,203,DSA,Queue,0,5,13,8.0
S38,215,DSA,Queue,1,5,5,8.0
S38,246,DSA,Queue,0,4,3,8.0
S38,11,DSA,Stack,0,5,4,8.0
S38,183,DSA,Queue,0,5,6,8.0
S38,233,DSA,Queue,0,3,13,8.0
S38,153,DSA,Stack,1,4,4,8.0
S38,243,DSA,Queue,0,3,6,8.0
S39,199,DSA,Queue,1,2,3,8.0
S39,142,DSA,Stack,1,4,8,8.0
S39,231,DSA,Queue,0,2,4,8.0
S39,264,DSA,Queue,1,5,5,8.0
S39,64,DSA,Stack,1,3,12,8.0
S39,126,DSA,Stack,0,5,3,8.0
S39,136,DSA,Stack,1,3,11,8.0
S39,55,DSA,Stack,1,3,15,8.0
S39,207,DSA,Queue,1,5,7,8.0
S39,78,DSA,Stack,0,2,7,8.0
S40,151,DSA,Stack,1,2,8,8.0
S40,77,DSA,Stack,1,5,3,8.0
S40,72,DSA,Stack,0,3,10,8.0
S40,156,DSA,Stack,1,5,10,8.0
S40,191,DSA,Queue,1,4,6,8.0
S40,121,DSA,Stack,1,5,12,8.0
S40,125,DSA,Stack,0,2,6,8.0
S40,222,DSA,Queue,0,1,14,8.0
S40,80,DSA,Stack,1,1,6,8.0
S40,211,DSA,Queue,1,5,10,8.0
S41,112,DSA,Stack,0,2,6,8.0
S41,219,DSA,Queue,0,5,12,8.0
S41,64,DSA,Stack,1,1,3,8.0
S41,87,DSA,Stack,0,2,7,8.0
S41,43,DSA,Stack,1,3,8,8.0
S41,33,DSA,Stack,0,5,3,8.0
S41,41,DSA,Stack,1,1,10,8.0
S41,59,DSA,Stack,0,2,6,8.0
S41,186,DSA,Queue,0,3,13,8.0
S41,243,DSA,Queue,1,2,13,8.0
S42,284,DSA,Queue,1,1,4,8.0
S42,221,DSA,Queue,1,4,3,8.0
S42,73,DSA,Stack,1,1,15,8.0
S42,37,DSA,Stack,1,4,13,8.0
S42,159,DSA,Stack,1,3,15,8.0
S42,63,DSA,Stack,1,3,3,8.0
S42,257,DSA,Queue,1,2,9,8.0
S42,173,DSA,Queue,1,4,5,8.0
S42,48,DSA,Stack,1,3,6,8.0
S42,129,DSA,Stack,1,3,15,8.0
S43,14,DSA,Stack,1,4,7,8.0
S43,230,DSA,Queue,1,1,6,8.0
S43,129,DSA,Stack,1,1,11,8.0
S43,183,DSA,Queue,1,5,7,8.0
S43,11,DSA,Stack,0,5,14,8.0
S43,187,DSA,Queue,0,4,14,8.0
S43,249,DSA,Queue,0,4,10,8.0
S43,201,DSA,Queue,0,3,5,8.0
S43,140,DSA,Stack,1,3,3,8.0
S43,6,DSA,Stack,0,1,10,
S44,259,DSA,Queue,1,1,9,8.0
S44,16,DSA,Stack,1,5,9,8.0
S44,17,DSA,Stack,0,1,6,8.0
S44,59,DSA,Stack,1,3,10,8.0
S44,204,DSA,Queue,0,3,15,8.0
S44,243,DSA,Queue,1,1,6,8.0
S44,94,DSA,Stack,1,3,11,8.0
S44,162,DSA,Stack,1,1,12,8.0
S44,225,DSA,Queue,1,4,5,8.0
S44,178,DSA,Queue,0,5,13,8.0
S45,236,DSA,Queue,0,5,13,8.0
S45,170,DSA,Stack,0,1,5,8.0
S45,182,DSA,Queue,0,5,11,8.0
S45,90,DSA,Stack,0,3,11,8.0
S45,103,DSA,Stack,1,3,13,8.0
S45,290,DSA,Queue,1,1,7,8.0
S45,95,DSA,Stack,1,5,9,8.0
S45,283,DSA,Queue,1,5,8,8.0
S45,47,DSA,Stack,0,1,4,8.0
S45,256,DSA,Queue,1,1,3,8.0
S46,2,DSA,Stack,1,3,10,
S46,59,DSA,Stack,0,4,8,8.0
S46,180,DSA,Queue,1,4,7,8.0
S46,23,DSA,Stack,0,5,8,8.0
S46,86,DSA,Stack,0,1,14,8.0
S46,101,DSA,Stack,1,2,8,8.0
S46,191,DSA,Queue,1,2,15,8.0
S46,18,DSA,Stack,0,1,7,8.0
S46,222,DSA,Queue,1,5,15,8.0
S46,27,DSA,Stack,0,2,4,8.0
S47,197,DSA,Queue,0,3,3,8.0
S47,240,DSA,Queue,1,3,11,8.0
S47,191,DSA,Queue,0,4,12,8.0
S47,171,DSA,Queue,0,4,5,8.0
S47,5,DSA,Stack,1,3,14,
S47,283,DSA,Queue,1,4,4,8.0
S47,83,DSA,Stack,0,1,15,8.0
S47,277,DSA,Queue,0,4,4,8.0
S47,88,DSA,Stack,0,4,13,8.0
S47,37,DSA,Stack,1,1,5,8.0
S48,246,DSA,Queue,1,5,12,8.0
S48,265,DSA,Queue,0,3,15,8.0
S48,167,DSA,Stack,1,3,11,8.0
S48,1,DSA,Stack,1,2,7,6.0
S48,203,DSA,Queue,0,4,13,8.0
S48,267,DSA,Queue,1,3,14,8.0
S48,91,DSA,Stack,1,2,4,8.0
S48,153,DSA,Stack,0,4,3,8.0
S48,108,DSA,Stack,1,4,10,8.0
S48,281,DSA,Queue,0,3,11,8.0
S49,268,DSA,Queue,0,2,3,8.0
S49,197,DSA,Queue,0,5,14,8.0
S49,91,DSA,Stack,0,3,11,8.0
S49,183,DSA,Queue,1,3,13,8.0
S49,185,DSA,Queue,1,4,14,8.0
S49,97,DSA,Stack,0,5,15,8.0
S49,233,DSA,Queue,0,4,15,8.0
S49,23,DSA,Stack,1,3,13,8.0
S49,163,DSA,Stack,0,5,15,8.0
S49,278,DSA,Queue,1,4,3,8.0
S50,196,DSA,Queue,1,4,10,8.0
S50,182,DSA,Queue,0,5,10,8.0
S50,161,DSA,Stack,0,1,11,8.0
S50,77,DSA,Stack,0,2,11,8.0
S50,60,DSA,Stack,1,2,5,8.0
S50,66,DSA,Stack,1,1,7,8.0
S50,219,DSA,Queue,1,5,5,8.0
S50,216,DSA,Queue,0,1,9,8.0
S50,62,DSA,Stack,0,5,15,8.0
S50,120,DSA,Stack,0,3,11,8.0
S51,175,DSA,Queue,1,1,3,8.0
S51,149,DSA,Stack,1,1,12,8.0
S51,78,DSA,Stack,1,4,13,8.0
S51,282,DSA,Queue,1,5,5,8.0
S51,54,DSA,Stack,0,4,13,8.0
S51,197,DSA,Queue,0,4,11,8.0
S51,99,DSA,Stack,0,5,3,8.0
S51,35,DSA,Stack,0,3,11,8.0
S51,19,DSA,Stack,1,2,11,8.0
S51,236,DSA,Queue,1,3,11,8.0
S52,21,DSA,Stack,1,3,5,8.0
S52,251,DSA,Queue,0,3,3,8.0
S52,70,DSA,Stack,1,3,6,8.0
S52,185,DSA,Queue,0,4,15,8.0
S52,27,DSA,Stack,0,3,5,8.0
S52,235,DSA,Queue,0,5,6,8.0
S52,88,DSA,Stack,1,2,4,8.0
S52,32,DSA,Stack,0,1,4,8.0
S52,181,DSA,Queue,0,2,13,8.0
S52,126,DSA,Stack,1,1,7,8.0
S53,230,DSA,Queue,1,5,11,8.0
S53,85,DSA,Stack,0,1,8,8.0
S53,105,DSA,Stack,1,2,14,8.0
S53,11,DSA,Stack,1,2,11,8.0
S53,215,DSA,Queue,0,5,12,8.0
S53,224,DSA,Queue,1,2,8,8.0
S53,180,DSA,Queue,0,2,15,8.0
S53,164,DSA,Stack,0,3,6,8.0
S53,176,DSA,Queue,0,1,7,8.0
S53,202,DSA,Queue,0,5,6,8.0
S54,2,DSA,Stack,1,3,8,
S54,108,DSA,Stack,1,1,10,8.0
S54,169,DSA,Stack,1,1,10,8.0
S54,79,DSA,Stack,1,5,4,8.0
S54,268,DSA,Queue,0,3,5,8.0
S54,91,DSA,Stack,0,2,12,8.0
S54,107,DSA,Stack,1,3,15,8.0
S54,145,DSA,Stack,0,3,8,8.0
S54,112,DSA,Stack,1,4,10,8.0
S54,247,DSA,Queue,0,2,8,8.0
S55,232,DSA,Queue,1,4,6,8.0
S55,110,DSA,Stack,0,2,6,8.0
S55,53,DSA,Stack,0,5,11,8.0
S55,96,DSA,Stack,1,2,9,8.0
S55,159,DSA,Stack,0,1,4,8.0
S55,284,DSA,Queue,0,3,7,8.0
S55,225,DSA,Queue,1,4,11,8.0
S55,143,DSA,Stack,0,4,6,8.0
S55,212,DSA,Queue,0,2,13,8.0
S55,177,DSA,Queue,1,3,11,8.0
S56,34,DSA,Stack,1,3,10,8.0
S56,11,DSA,Stack,1,3,7,8.0
S56,245,DSA,Queue,0,3,11,8.0
S56,166,DSA,Stack,1,1,11,8.0
S56,14,DSA,Stack,0,3,7,8.0
S56,274,DSA,Queue,1,3,8,8.0
S56,287,DSA,Queue,0,1,9,8.0
S56,170,DSA,Stack,1,3,13,8.0
S56,104,DSA,Stack,1,4,15,8.0
S56,285,DSA,Queue,1,5,4,8.0
S57,106,DSA,Stack,0,1,3,8.0
S57,221,DSA,Queue,1,1,14,8.0
S57,103,DSA,Stack,0,2,11,8.0
S57,165,DSA,Stack,1,2,4,8.0
S57,22,DSA,Stack,1,5,7,8.0
S57,211,DSA,Queue,0,1,12,8.0
S57,15,DSA,Stack,1,5,3,8.0
S57,13,DSA,Stack,0,1,11,8.0
S57,169,DSA,Stack,1,5,5,8.0
S57,231,DSA,Queue,1,4,11,8.0
S58,248,DSA,Queue,0,2,14,8.0
S58,255,DSA,Queue,1,5,7,8.0
S58,274,DSA,Queue,0,3,3,8.0
S58,31,DSA,Stack,1,1,5,8.0
S58,178,DSA,Queue,1,4,11,8.0
S58,164,DSA,Stack,0,3,4,8.0
S58,140,DSA,Stack,0,2,8,8.0
S58,201,DSA,Queue,0,1,6,8.0
S58,77,DSA,Stack,0,1,3,8.0
S58,143,DSA,Stack,1,2,6,8.0
S59,264,DSA,Queue,0,3,8,8.0
S59,158,DSA,Stack,1,2,3,8.0
S59,10,DSA,Stack,0,4,7,
S59,254,DSA,Queue,0,3,6,8.0
S59,44,DSA,Stack,0,3,14,8.0
S59,63,DSA,Stack,0,3,4,8.0
S59,40,DSA,Stack,1,5,11,8.0
S59,199,DSA,Queue,1,1,12,8.0
S59,125,DSA,Stack,1,5,11,8.0
S59,273,DSA,Queue,0,1,3,8.0
S60,288,DSA,Queue,1,4,9,8.0
S60,13,DSA,Stack,1,5,13,8.0
S60,235,DSA,Queue,0,4,6,8.0
S60,214,DSA,Queue,1,5,14,8.0
S60,257,DSA,Queue,0,1,15,8.0
S60,238,DSA,Queue,1,3,8,8.0
S60,228,DSA,Queue,1,2,4,8.0
S60,86,DSA,Stack,1,5,5,8.0
S60,139,DSA,Stack,1,3,4,8.0
S60,271,DSA,Queue,0,2,4,8.0
S61,272,DSA,Queue,1,3,3,8.0
S61,17,DSA,Stack,0,5,5,8.0
S61,248,DSA,Queue,0,3,13,8.0
S61,78,DSA,Stack,0,4,8,8.0
S61,178,DSA,Queue,0,4,14,8.0
S61,270,DSA,Queue,0,3,11,8.0
S61,29,DSA,Stack,0,1,8,8.0
S61,24,DSA,Stack,0,5,7,8.0
S61,69,DSA,Stack,1,3,9,8.0
S61,215,DSA,Queue,0,3,7,8.0
S62,23,DSA,Stack,1,1,14,8.0
S62,79,DSA,Stack,1,1,6,8.0
S62,57,DSA,Stack,0,5,8,8.0
S62,51,DSA,Stack,0,4,13,8.0
S62,188,DSA,Queue,1,4,8,8.0
S62,139,DSA,Stack,1,1,8,8.0
S62,286,DSA,Queue,1,4,9,8.0
S62,216,DSA,Queue,1,1,4,8.0
S62,141,DSA,Stack,0,5,3,8.0
S62,233,DSA,Queue,1,4,3,8.0
S63,153,DSA,Stack,0,5,10,8.0
S63,242,DSA,Queue,1,1,3,8.0
S63,212,DSA,Queue,1,4,9,8.0
S63,232,DSA,Queue,0,4,6,8.0
S63,74,DSA,Stack,1,4,11,8.0
S63,157,DSA,Stack,0,4,8,8.0
S63,98,DSA,Stack,0,5,12,8.0
S63,33,DSA,Stack,1,2,14,8.0
S63,104,DSA,Stack,0,5,9,8.0
S63,239,DSA,Queue,0,2,10,8.0
S64,169,DSA,Stack,0,1,6,8.0
S64,264,DSA,Queue,0,2,11,8.0
S64,106,DSA,Stack,1,5,7,8.0
S64,3,DSA,Stack,1,5,14,
S64,69,DSA,Stack,1,3,9,8.0
S64,213,DSA,Queue,1,4,9,8.0
S64,165,DSA,Stack,1,1,4,8.0
S64,80,DSA,Stack,0,5,10,8.0
S64,256,DSA,Queue,1,5,5,8.0
S64,51,DSA,Stack,1,4,8,8.0
S65,287,DSA,Queue,1,3,14,8.0
S65,10,DSA,Stack,0,1,15,
S65,60,DSA,Stack,1,1,11,8.0
S65,191,DSA,Queue,1,3,4,8.0
S65,99,DSA,Stack,0,1,8,8.0
S65,34,DSA,Stack,1,1,10,8.0
S65,51,DSA,Stack,0,2,8,8.0
S65,238,DSA,Queue,0,5,11,8.0
S65,105,DSA,Stack,0,3,15,8.0
S65,91,DSA,Stack,0,4,7,8.0
S66,63,DSA,Stack,1,2,9,8.0
S66,200,DSA,Queue,0,3,6,8.0
S66,7,DSA,Stack,1,2,7,
S66,94,DSA,Stack,1,5,13,8.0
S66,37,DSA,Stack,0,2,6,8.0
S66,224,DSA,Queue,0,3,4,8.0
S66,278,DSA,Queue,1,1,12,8.0
S66,261,DSA,Queue,1,5,10,8.0
S66,41,DSA,Stack,0,2,13,8.0
S66,84,DSA,Stack,1,5,7,8.0
S67,94,DSA,Stack,0,3,9,8.0
S67,249,DSA,Queue,1,2,12,8.0
S67,219,DSA,Queue,1,2,11,8.0
S67,225,DSA,Queue,0,2,3,8.0
S67,82,DSA,Stack,1,1,4,8.0
S67,184,DSA,Queue,1,3,9,8.0
S67,241,DSA,Queue,0,2,5,8.0
S67,81,DSA,Stack,0,2,10,8.0
S67,50,DSA,Stack,1,5,6,8.0
S67,157,DSA,Stack,1,4,5,8.0
S68,69,DSA,Stack,1,3,4,8.0
S68,256,DSA,Queue,0,4,5,8.0
S68,52,DSA,Stack,0,4,11,8.0
S68,276,DSA,Queue,0,3,10,8.0
S68,24,DSA,Stack,1,2,14,8.0
S68,97,DSA,Stack,0,5,9,8.0
S68,1,DSA,Stack,1,4,9,6.0
S68,96,DSA,Stack,1,1,11,8.0
S68,53,DSA,Stack,1,2,10,8.0
S68,190,DSA,Queue,0,2,4,8.0
S69,268,DSA,Queue,0,5,8,8.0
S69,211,DSA,Queue,1,5,15,8.0
S69,80,DSA,Stack,0,2,8,8.0
S69,202,DSA,Queue,0,1,11,8.0
S69,94,DSA,Stack,0,3,6,8.0
S69,233,DSA,Queue,0,5,5,8.0
S69,274,DSA,Queue,1,4,9,8.0
S69,65,DSA,Stack,0,5,11,8.0
S69,201,DSA,Queue,0,2,13,8.0
S69,46,DSA,Stack,0,1,8,8.0
S70,110,DSA,Stack,0,5,4,8.0
S70,51,DSA,Stack,0,2,13,8.0
S70,182,DSA,Queue,1,2,9,8.0
S70,167,DSA,Stack,1,1,8,8.0
S70,129,DSA,Stack,0,3,9,8.0
S70,135,DSA,Stack,1,2,7,8.0
S70,256,DSA,Queue,0,5,3,8.0
S70,24,DSA,Stack,1,5,14,8.0
S70,152,DSA,Stack,0,2,5,8.0
S70,75,DSA,Stack,0,3,15,8.0
S71,57,DSA,Stack,1,4,7,8.0
S71,238,DSA,Queue,0,5,4,8.0
S71,45,DSA,Stack,1,2,6,8.0
S71,215,DSA,Queue,0,3,15,8.0
S71,125,DSA,Stack,1,3,4,8.0
S71,263,DSA,Queue,1,5,6,8.0
S71,113,DSA,Stack,0,4,15,8.0
S71,202,DSA,Queue,0,2,12,8.0
S71,23,DSA,Stack,1,2,7,8.0
S71,205,DSA,Queue,0,1,13,8.0
S72,42,DSA,Stack,1,3,13,8.0
S72,71,DSA,Stack,1,1,6,8.0
S72,229,DSA,Queue,0,2,11,8.0
S72,102,DSA,Stack,1,3,7,8.0
S72,152,DSA,Stack,1,5,13,8.0
S72,262,DSA,Queue,0,3,8,8.0
S72,94,DSA,Stack,1,4,3,8.0
S72,213,DSA,Queue,0,5,4,8.0
S72,172,DSA,Queue,0,3,9,8.0
S72,221,DSA,Queue,0,4,4,8.0
S73,222,DSA,Queue,0,2,8,8.0
S73,63,DSA,Stack,0,5,12,8.0
S73,151,DSA,Stack,0,3,7,8.0
S73,124,DSA,Stack,0,2,13,8.0
S73,229,DSA,Queue,1,1,7,8.0
S73,246,DSA,Queue,0,4,7,8.0
S73,48,DSA,Stack,0,4,9,8.0
S73,100,DSA,Stack,0,5,6,8.0
S73,242,DSA,Queue,0,2,12,8.0
S73,82,DSA,Stack,1,2,10,8.0
S74,288,DSA,Queue,0,3,6,8.0
S74,13,DSA,Stack,0,3,4,8.0
S74,28,DSA,Stack,1,1,4,8.0
S74,88,DSA,Stack,0,2,11,8.0
S74,76,DSA,Stack,1,4,9,8.0
S74,40,DSA,Stack,1,1,14,8.0
S74,280,DSA,Queue,0,5,12,8.0
S74,186,DSA,Queue,1,1,9,8.0
S74,16,DSA,Stack,0,4,10,8.0
S74,259,DSA,Queue,0,5,14,8.0
S75,168,DSA,Stack,1,3,4,8.0
S75,31,DSA,Stack,1,1,12,8.0
S75,80,DSA,Stack,0,4,4,8.0
S75,84,DSA,Stack,0,4,8,8.0
S75,66,DSA,Stack,0,3,3,8.0
S75,105,DSA,Stack,1,1,15,8.0
S75,195,DSA,Queue,0,4,8,8.0
S75,157,DSA,Stack,0,5,6,8.0
S75,259,DSA,Queue,0,2,9,8.0
S75,163,DSA,Stack,0,2,6,8.0
S76,56,DSA,Stack,0,1,13,8.0
S76,283,DSA,Queue,1,4,7,8.0
S76,172,DSA,Queue,0,4,3,8.0
S76,132,DSA,Stack,0,5,15,8.0
S76,23,DSA,Stack,0,2,8,8.0
S76,233,DSA,Queue,0,3,4,8.0
S76,109,DSA,Stack,0,3,7,8.0
S76,76,DSA,Stack,0,4,5,8.0
S76,273,DSA,Queue,1,1,11,8.0
S76,31,DSA,Stack,0,1,3,8.0
S77,62,DSA,Stack,0,1,3,8.0
S77,175,DSA,Queue,0,5,3,8.0
S77,61,DSA,Stack,1,1,7,8.0
S77,251,DSA,Queue,0,1,4,8.0
S77,252,DSA,Queue,0,4,7,8.0
S77,63,DSA,Stack,0,2,10,8.0
S77,10,DSA,Stack,1,3,3,
S77,5,DSA,Stack,1,5,8,
S77,113,DSA,Stack,1,3,4,8.0
S77,91,DSA,Stack,0,5,10,8.0
S78,29,DSA,Stack,0,3,13,8.0
S78,50,DSA,Stack,0,2,4,8.0
S78,77,DSA,Stack,1,3,3,8.0
S78,268,DSA,Queue,0,3,5,8.0
S78,79,DSA,Stack,1,5,6,8.0
S78,156,DSA,Stack,0,4,13,8.0
S78,128,DSA,Stack,1,5,8,8.0
S78,149,DSA,Stack,1,2,5,8.0
S78,285,DSA,Queue,1,1,5,8.0
S78,263,DSA,Queue,0,5,9,8.0
S79,230,DSA,Queue,1,5,6,8.0
S79,220,DSA,Queue,0,4,11,8.0
S79,69,DSA,Stack,1,2,13,8.0
S79,169,DSA,Stack,1,2,6,8.0
S79,174,DSA,Queue,1,1,11,8.0
S79,47,DSA,Stack,1,1,7,8.0
S79,290,DSA,Queue,0,4,10,8.0
S79,184,DSA,Queue,0,1,3,8.0
S79,274,DSA,Queue,1,3,6,8.0
S79,121,DSA,Stack,0,3,8,8.0
S80,19,DSA,Stack,0,5,11,8.0
S80,187,DSA,Queue,0,1,13,8.0
S80,75,DSA,Stack,0,2,5,8.0
S80,252,DSA,Queue,0,2,9,8.0
S80,121,DSA,Stack,0,2,7,8.0
S80,210,DSA,Queue,0,5,6,8.0
S80,259,DSA,Queue,1,5,9,8.0
S80,191,DSA,Queue,0,2,8,8.0
S80,157,DSA,Stack,0,2,6,8.0
S80,174,DSA,Queue,0,4,12,8.0
S81,68,DSA,Stack,1,1,3,8.0
S81,209,DSA,Queue,1,5,13,8.0
S81,12,DSA,Stack,1,3,9,8.0
S81,101,DSA,Stack,0,1,10,8.0
S81,120,DSA,Stack,0,1,10,8.0
S81,38,DSA,Stack,1,3,11,8.0
S81,5,DSA,Stack,0,4,10,
S81,91,DSA,Stack,0,1,10,8.0
S81,8,DSA,Stack,1,5,13,
S81,169,DSA,Stack,0,1,5,8.0
S82,111,DSA,Stack,0,5,13,8.0
S82,119,DSA,Stack,0,1,10,8.0
S82,19,DSA,Stack,0,2,15,8.0
S82,117,DSA,Stack,1,5,15,8.0
S82,274,DSA,Queue,0,2,11,8.0
S82,53,DSA,Stack,1,1,5,8.0
S82,286,DSA,Queue,0,2,15,8.0
S82,216,DSA,Queue,1,1,5,8.0
S82,22,DSA,Stack,0,2,11,8.0
S82,256,DSA,Queue,1,4,3,8.0
S83,118,DSA,Stack,1,1,8,8.0
S83,121,DSA,Stack,1,5,4,8.0
S83,144,DSA,Stack,1,1,6,8.0
S83,30,DSA,Stack,0,2,4,8.0
S83,64,DSA,Stack,0,2,11,8.0
S83,49,DSA,Stack,0,1,10,8.0
S83,109,DSA,Stack,0,5,12,8.0
S83,51,DSA,Stack,1,3,5,8.0
S83,289,DSA,Queue,0,5,4,8.0
S83,33,DSA,Stack,0,5,12,8.0
S84,22,DSA,Stack,0,3,14,8.0
S84,166,DSA,Stack,0,4,7,8.0
S84,262,DSA,Queue,1,1,11,8.0
S84,60,DSA,Stack,1,5,9,8.0
S84,157,DSA,Stack,1,5,4,8.0
S84,251,DSA,Queue,1,1,5,8.0
S84,79,DSA,Stack,0,2,5,8.0
S84,247,DSA,Queue,0,5,3,8.0
S84,223,DSA,Queue,1,3,12,8.0
S84,240,DSA,Queue,0,5,6,8.0
S85,289,DSA,Queue,0,5,6,8.0
S85,126,DSA,Stack,0,2,15,8.0
S85,270,DSA,Queue,1,5,7,8.0
S85,166,DSA,Stack,1,3,13,8.0
S85,106,DSA,Stack,1,5,11,8.0
S85,125,DSA,Stack,0,2,8,8.0
S85,32,DSA,Stack,0,5,8,8.0
S85,5,DSA,Stack,0,2,13,
S85,12,DSA,Stack,1,4,9,8.0
S85,246,DSA,Queue,0,4,8,8.0
S86,149,DSA,Stack,0,2,3,8.0
S86,8,DSA,Stack,1,1,7,
S86,48,DSA,Stack,1,1,6,8.0
S86,273,DSA,Queue,0,1,11,8.0
S86,49,DSA,Stack,0,2,9,8.0
S86,195,DSA,Queue,0,4,12,8.0
S86,244,DSA,Queue,1,1,15,8.0
S86,187,DSA,Queue,0,5,14,8.0
S86,131,DSA,Stack,0,3,4,8.0
S86,123,DSA,Stack,0,1,15,8.0
S87,272,DSA,Queue,0,3,15,8.0
S87,250,DSA,Queue,0,4,8,8.0
S87,205,DSA,Queue,1,5,6,8.0
S87,275,DSA,Queue,1,4,3,8.0
S87,96,DSA,Stack,1,5,13,8.0
S87,177,DSA,Queue,0,5,12,8.0
S87,209,DSA,Queue,0,3,4,8.0
S87,47,DSA,Stack,1,5,4,8.0
S87,264,DSA,Queue,0,1,14,8.0
S87,133,DSA,Stack,1,1,10,8.0
S88,228,DSA,Queue,0,5,8,8.0
S88,174,DSA,Queue,0,4,13,8.0
S88,117,DSA,Stack,0,1,7,8.0
S88,129,DSA,Stack,0,3,12,8.0
S88,17,DSA,Stack,0,1,14,8.0
S88,138,DSA,Stack,0,4,4,8.0
S88,63,DSA,Stack,0,4,5,8.0
S88,200,DSA,Queue,1,1,14,8.0
S88,107,DSA,Stack,0,4,6,8.0
S88,77,DSA,Stack,1,5,13,8.0
S89,212,DSA,Queue,1,5,12,8.0
S89,70,DSA,Stack,0,4,8,8.0
S89,249,DSA,Queue,0,5,3,8.0
S89,109,DSA,Stack,0,5,8,8.0
S89,289,DSA,Queue,1,5,4,8.0
S89,157,DSA,Stack,1,1,6,8.0
S89,113,DSA,Stack,0,1,5,8.0
S89,97,DSA,Stack,0,2,4,8.0
S89,28,DSA,Stack,1,2,5,8.0
S89,59,DSA,Stack,0,4,6,8.0
S90,196,DSA,Queue,1,3,13,8.0
S90,95,DSA,Stack,1,2,6,8.0
S90,287,DSA,Queue,0,4,3,8.0
S90,142,DSA,Stack,1,3,13,8.0
S90,61,DSA,Stack,1,4,8,8.0
S90,235,DSA,Queue,0,2,6,8.0
S90,209,DSA,Queue,1,4,8,8.0
S90,251,DSA,Queue,1,4,6,8.0
S90,30,DSA,Stack,0,1,6,8.0
S90,261,DSA,Queue,0,4,10,8.0
S91,134,DSA,Stack,0,1,15,8.0
S91,224,DSA,Queue,1,4,6,8.0
S91,188,DSA,Queue,1,2,8,8.0
S91,237,DSA,Queue,1,1,15,8.0
S91,185,DSA,Queue,0,1,5,8.0
S91,171,DSA,Queue,0,4,9,8.0
S91,216,DSA,Queue,1,1,8,8.0
S91,95,DSA,Stack,0,1,7,8.0
S91,143,DSA,Stack,1,4,10,8.0
S91,221,DSA,Queue,1,2,15,8.0
S92,126,DSA,Stack,0,1,4,8.0
S92,102,DSA,Stack,1,2,11,8.0
S92,122,DSA,Stack,1,2,8,8.0
S92,209,DSA,Queue,1,3,6,8.0
S92,130,DSA,Stack,0,2,14,8.0
S92,60,DSA,Stack,1,2,10,8.0
S92,207,DSA,Queue,0,3,5,8.0
S92,215,DSA,Queue,1,2,8,8.0
S92,112,DSA,Stack,0,2,11,8.0
S92,163,DSA,Stack,1,2,11,8.0
S93,166,DSA,Stack,1,2,7,8.0
S93,34,DSA,Stack,1,4,4,8.0
S93,232,DSA,Queue,0,3,15,8.0
S93,274,DSA,Queue,1,4,13,8.0
S93,177,DSA,Queue,1,5,7,8.0
S93,266,DSA,Queue,0,2,4,8.0
S93,31,DSA,Stack,0,5,4,8.0
S93,103,DSA,Stack,0,2,6,8.0
S93,233,DSA,Queue,1,4,9,8.0
S93,63,DSA,Stack,0,5,12,8.0
S94,4,DSA,Stack,0,5,7,
S94,122,DSA,Stack,0,4,9,8.0
S94,17,DSA,Stack,1,3,6,8.0
S94,29,DSA,Stack,0,3,6,8.0
S94,126,DSA,Stack,0,3,11,8.0
S94,186,DSA,Queue,1,5,9,8.0
S94,22,DSA,Stack,0,2,10,8.0
S94,253,DSA,Queue,1,2,8,8.0
S94,135,DSA,Stack,1,1,15,8.0
S94,103,DSA,Stack,0,3,9,8.0
S95,75,DSA,Stack,0,5,12,8.0
S95,106,DSA,Stack,1,1,10,8.0
S95,172,DSA,Queue,1,3,8,8.0
S95,134,DSA,Stack,0,5,12,8.0
S95,140,DSA,Stack,1,3,15,8.0
S95,207,DSA,Queue,0,5,10,8.0
S95,143,DSA,Stack,1,4,7,8.0
S95,10,DSA,Stack,0,1,8,
S95,208,DSA,Queue,0,1,14,8.0
S95,46,DSA,Stack,0,2,9,8.0
S96,261,DSA,Queue,0,1,13,8.0
S96,198,DSA,Queue,1,4,3,8.0
S96,39,DSA,Stack,0,1,11,8.0
S96,122,DSA,Stack,1,3,3,8.0
S96,42,DSA,Stack,1,4,15,8.0
S96,119,DSA,Stack,1,1,13,8.0
S96,150,DSA,Stack,0,5,7,8.0
S96,44,DSA,Stack,1,3,12,8.0
S96,51,DSA,Stack,0,3,14,8.0
S96,101,DSA,Stack,0,1,8,8.0
S97,151,DSA,Stack,1,3,10,8.0
S97,281,DSA,Queue,0,1,5,8.0
S97,174,DSA,Queue,0,4,12,8.0
S97,265,DSA,Queue,1,2,13,8.0
S97,190,DSA,Queue,0,1,9,8.0
S97,192,DSA,Queue,0,1,8,8.0
S97,199,DSA,Queue,0,4,6,8.0
S97,82,DSA,Stack,1,2,15,8.0
S97,146,DSA,Stack,0,1,6,8.0
S97,24,DSA,Stack,1,2,6,8.0
S98,65,DSA,Stack,0,4,3,8.0
S98,79,DSA,Stack,1,1,10,8.0
S98,202,DSA,Queue,0,1,9,8.0
S98,97,DSA,Stack,0,3,13,8.0
S98,5,DSA,Stack,1,4,9,
S98,34,DSA,Stack,1,3,11,8.0
S98,54,DSA,Stack,0,3,5,8.0
S98,119,DSA,Stack,1,4,11,8.0
S98,251,DSA,Queue,1,1,13,8.0
S98,178,DSA,Queue,1,4,11,8.0
S99,6,DSA,Stack,1,1,15,
S99,8,DSA,Stack,1,1,10,
S99,239,DSA,Queue,0,1,8,8.0
S99,279,DSA,Queue,0,3,14,8.0
S99,17,DSA,Stack,1,2,13,8.0
S99,108,DSA,Stack,0,3,3,8.0
S99,263,DSA,Queue,1,1,5,8.0
S99,277,DSA,Queue,1,2,15,8.0
S99,269,DSA,Queue,0,1,13,8.0
S99,10,DSA,Stack,0,1,9,
S100,14,DSA,Stack,0,3,7,8.0
S100,58,DSA,Stack,0,5,9,8.0
S100,200,DSA,Queue,1,3,13,8.0
S100,187,DSA,Queue,0,2,13,8.0
S100,215,DSA,Queue,1,5,12,8.0
S100,181,DSA,Queue,1,5,11,8.0
S100,280,DSA,Queue,0,1,15,8.0
S100,41,DSA,Stack,1,5,15,8.0
S100,6,DSA,Stack,0,2,12,
S100,153,DSA,Stack,1,3,15,8.0
S101,32,DSA,Stack,0,4,4,8.0
S101,128,DSA,Stack,0,1,9,8.0
S101,232,DSA,Queue,1,2,3,8.0
S101,30,DSA,Stack,1,2,14,8.0
S101,42,DSA,Stack,0,2,13,8.0
S101,120,DSA,Stack,0,5,6,8.0
S101,196,DSA,Queue,1,5,12,8.0
S101,51,DSA,Stack,0,5,7,8.0
S101,8,DSA,Stack,1,2,8,
S101,138,DSA,Stack,0,1,11,8.0
S102,184,DSA,Queue,1,5,10,8.0
S102,121,DSA,Stack,1,3,12,8.0
S102,239,DSA,Queue,1,2,14,8.0
S102,156,DSA,Stack,0,2,11,8.0
S102,146,DSA,Stack,0,5,13,8.0
S102,269,DSA,Queue,1,4,12,8.0
S102,94,DSA,Stack,0,5,8,8.0
S102,286,DSA,Queue,1,4,15,8.0
S102,259,DSA,Queue,0,4,13,8.0
S102,248,DSA,Queue,1,5,14,8.0
S103,46,DSA,Stack,0,5,3,8.0
S103,114,DSA,Stack,0,5,3,8.0
S103,127,DSA,Stack,0,5,13,8.0
S103,219,DSA,Queue,0,2,3,8.0
S103,185,DSA,Queue,0,4,3,8.0
S103,44,DSA,Stack,0,1,8,8.0
S103,286,DSA,Queue,1,5,10,8.0
S103,193,DSA,Queue,1,3,13,8.0
S103,61,DSA,Stack,0,1,6,8.0
S103,284,DSA,Queue,0,5,3,8.0
S104,95,DSA,Stack,0,2,14,8.0
S104,82,DSA,Stack,1,3,8,8.0
S104,27,DSA,Stack,0,2,11,8.0
S104,54,DSA,Stack,1,4,14,8.0
S104,265,DSA,Queue,1,3,3,8.0
S104,81,DSA,Stack,1,4,8,8.0
S104,241,DSA,Queue,0,4,5,8.0
S104,105,DSA,Stack,0,4,12,8.0
S104,217,DSA,Queue,1,3,11,8.0
S104,45,DSA,Stack,1,4,6,8.0
S105,272,DSA,Queue,0,4,5,8.0
S105,234,DSA,Queue,1,3,12,8.0
S105,166,DSA,Stack,1,5,3,8.0
S105,165,DSA,Stack,1,5,13,8.0
S105,126,DSA,Stack,0,2,11,8.0
S105,114,DSA,Stack,1,5,3,8.0
S105,276,DSA,Queue,0,5,4,8.0
S105,167,DSA,Stack,1,1,11,8.0
S105,225,DSA,Queue,1,2,4,8.0
S105,196,DSA,Queue,0,1,6,8.0
S106,225,DSA,Queue,0,1,6,8.0
S106,217,DSA,Queue,1,1,12,8.0
S106,189,DSA,Queue,0,2,6,8.0
S106,30,DSA,Stack,0,2,9,8.0
S106,60,DSA,Stack,1,4,9,8.0
S106,288,DSA,Queue,0,1,3,8.0
S106,155,DSA,Stack,1,5,8,8.0
S106,216,DSA,Queue,1,1,9,8.0
S106,139,DSA,Stack,1,4,4,8.0
S106,273,DSA,Queue,1,2,4,8.0
S107,111,DSA,Stack,0,2,8,8.0
S107,207,DSA,Queue,1,5,10,8.0
S107,118,DSA,Stack,0,5,13,8.0
S107,165,DSA,Stack,0,3,14,8.0
S107,276,DSA,Queue,0,4,3,8.0
S107,103,DSA,Stack,0,3,12,8.0
S107,192,DSA,Queue,0,2,9,8.0
S107,235,DSA,Queue,1,1,13,8.0
S107,52,DSA,Stack,0,1,15,8.0
S107,155,DSA,Stack,0,5,14,8.0
S108,263,DSA,Queue,1,4,14,8.0
S108,58,DSA,Stack,1,4,4,8.0
S108,285,DSA,Queue,0,3,12,8.0
S108,165,DSA,Stack,1,3,3,8.0
S108,217,DSA,Queue,1,5,5,8.0
S108,188,DSA,Queue,1,5,13,8.0
S108,130,DSA,Stack,0,5,3,8.0
S108,60,DSA,Stack,0,4,8,8.0
S108,176,DSA,Queue,0,4,10,8.0
S108,106,DSA,Stack,1,5,6,8.0
S109,53,DSA,Stack,1,4,8,8.0
S109,20,DSA,Stack,0,2,14,8.0
S109,188,DSA,Queue,0,3,13,8.0
S109,76,DSA,Stack,1,5,10,8.0
S109,51,DSA,Stack,1,4,9,8.0
S109,289,DSA,Queue,0,5,12,8.0
S109,74,DSA,Stack,1,5,8,8.0
S109,39,DSA,Stack,1,2,14,8.0
S109,199,DSA,Queue,0,3,4,8.0
S109,7,DSA,Stack,0,4,10,
S110,252,DSA,Queue,1,2,11,8.0
S110,102,DSA,Stack,0,3,9,8.0
S110,70,DSA,Stack,1,5,3,8.0
S110,154,DSA,Stack,1,3,4,8.0
S110,81,DSA,Stack,1,2,9,8.0
S110,129,DSA,Stack,1,5,5,8.0
S110,97,DSA,Stack,0,3,7,8.0
S110,189,DSA,Queue,1,5,15,8.0
S110,238,DSA,Queue,0,1,14,8.0
S110,287,DSA,Queue,1,4,10,8.0
S111,45,DSA,Stack,0,1,11,8.0
S111,287,DSA,Queue,0,4,15,8.0
S111,50,DSA,Stack,0,1,10,8.0
S111,191,DSA,Queue,0,2,13,8.0
S111,123,DSA,Stack,0,4,11,8.0
S111,79,DSA,Stack,1,1,15,8.0
S111,49,DSA,Stack,0,1,15,8.0
S111,267,DSA,Queue,1,4,3,8.0
S111,230,DSA,Queue,0,5,5,8.0
S111,219,DSA,Queue,0,5,5,8.0
S112,150,DSA,Stack,1,5,15,8.0
S112,194,DSA,Queue,0,5,5,8.0
S112,53,DSA,Stack,0,3,14,8.0
S112,169,DSA,Stack,1,4,3,8.0
S112,37,DSA,Stack,1,3,5,8.0
S112,202,DSA,Queue,1,5,8,8.0
S112,1,DSA,Stack,1,2,6,6.0
S112,85,DSA,Stack,1,4,14,8.0
S112,203,DSA,Queue,1,4,9,8.0
S112,103,DSA,Stack,1,2,11,8.0
S113,173,DSA,Queue,0,4,7,8.0
S113,31,DSA,Stack,1,4,11,8.0
S113,290,DSA,Queue,1,4,13,8.0
S113,245,DSA,Queue,1,5,11,8.0
S113,33,DSA,Stack,0,1,12,8.0
S113,132,DSA,Stack,0,3,14,8.0
S113,221,DSA,Queue,0,4,6,8.0
S113,216,DSA,Queue,1,3,7,8.0
S113,117,DSA,Stack,0,1,5,8.0
S113,243,DSA,Queue,0,3,14,8.0
S114,210,DSA,Queue,0,3,7,8.0
S114,147,DSA,Stack,1,3,5,8.0
S114,142,DSA,Stack,1,4,11,8.0
S114,247,DSA,Queue,0,4,11,8.0
S114,167,DSA,Stack,1,1,13,8.0
S114,82,DSA,Stack,1,5,13,8.0
S114,273,DSA,Queue,1,4,15,8.0
S114,67,DSA,Stack,0,5,11,8.0
S114,42,DSA,Stack,0,5,6,8.0
S114,259,DSA,Queue,0,4,6,8.0
S115,3,DSA,Stack,1,2,6,
S115,22,DSA,Stack,0,2,14,8.0
S115,199,DSA,Queue,1,5,3,8.0
S115,62,DSA,Stack,1,3,12,8.0
S115,276,DSA,Queue,0,5,6,8.0
S115,14,DSA,Stack,0,2,7,8.0
S115,112,DSA,Stack,0,3,7,8.0
S115,192,DSA,Queue,1,1,7,8.0
S115,261,DSA,Queue,1,1,5,8.0
S115,149,DSA,Stack,0,4,15,8.0
S116,229,DSA,Queue,0,3,11,8.0
S116,60,DSA,Stack,1,4,9,8.0
S116,122,DSA,Stack,1,1,15,8.0
S116,33,DSA,Stack,1,4,4,8.0
S116,256,DSA,Queue,1,5,7,8.0
S116,151,DSA,Stack,0,4,15,8.0
S116,202,DSA,Queue,0,4,11,8.0
S116,14,DSA,Stack,0,3,15,8.0
S116,255,DSA,Queue,1,5,7,8.0
S116,48,DSA,Stack,0,1,3,8.0
S117,105,DSA,Stack,1,4,7,8.0
S117,148,DSA,Stack,0,2,12,8.0
S117,228,DSA,Queue,1,2,10,8.0
S117,284,DSA,Queue,1,1,3,8.0
S117,78,DSA,Stack,0,2,7,8.0
S117,199,DSA,Queue,0,4,9,8.0
S117,60,DSA,Stack,1,2,10,8.0
S117,9,DSA,Stack,1,3,12,
S117,249,DSA,Queue,0,4,4,8.0
S117,18,DSA,Stack,1,1,11,8.0
S118,200,DSA,Queue,1,2,14,8.0
S118,250,DSA,Queue,0,5,3,8.0
S118,22,DSA,Stack,0,5,3,8.0
S118,163,DSA,Stack,0,1,7,8.0
S118,112,DSA,Stack,1,5,10,8.0
S118,103,DSA,Stack,1,4,3,8.0
S118,251,DSA,Queue,1,1,3,8.0
S118,91,DSA,Stack,0,3,13,8.0
S118,157,DSA,Stack,1,2,9,8.0
S118,224,DSA,Queue,0,1,13,8.0
S119,174,DSA,Queue,0,1,12,8.0
S119,118,DSA,Stack,0,5,10,8.0
S119,252,DSA,Queue,0,1,14,8.0
S119,153,DSA,Stack,1,4,7,8.0
S119,114,DSA,Stack,0,2,7,8.0
S119,200,DSA,Queue,1,2,10,8.0
S119,236,DSA,Queue,0,1,10,8.0
S119,90,DSA,Stack,0,4,5,8.0
S119,115,DSA,Stack,0,2,12,8.0
S119,163,DSA,Stack,0,5,8,8.0
S120,116,DSA,Stack,1,4,10,8.0
S120,269,DSA,Queue,0,2,11,8.0
S120,216,DSA,Queue,1,4,10,8.0
S120,65,DSA,Stack,1,5,10,8.0
S120,1,DSA,Stack,1,3,11,6.0
S120,102,DSA,Stack,1,4,6,8.0
S120,225,DSA,Queue,1,2,15,8.0
S120,46,DSA,Stack,1,5,8,8.0
S120,122,DSA,Stack,1,3,4,8.0
S120,202,DSA,Queue,0,2,8,8.0
S121,87,DSA,Stack,1,3,9,8.0
S121,59,DSA,Stack,0,2,11,8.0
S121,95,DSA,Stack,1,5,10,8.0
S121,135,DSA,Stack,1,3,8,8.0
S121,96,DSA,Stack,0,1,5,8.0
S121,196,DSA,Queue,1,5,7,8.0
S121,94,DSA,Stack,1,4,11,8.0
S121,161,DSA,Stack,0,1,11,8.0
S121,250,DSA,Queue,0,4,3,8.0
S121,58,DSA,Stack,1,2,7,8.0
S122,225,DSA,Queue,1,1,8,8.0
S122,124,DSA,Stack,1,2,8,8.0
S122,38,DSA,Stack,1,1,5,8.0
S122,44,DSA,Stack,0,4,8,8.0
S122,160,DSA,Stack,1,1,15,8.0
S122,97,DSA,Stack,1,3,15,8.0
S122,45,DSA,Stack,0,4,10,8.0
S122,223,DSA,Queue,1,2,13,8.0
S122,157,DSA,Stack,0,4,11,8.0
S122,161,DSA,Stack,1,2,3,8.0
S123,217,DSA,Queue,0,4,10,8.0
S123,146,DSA,Stack,0,4,11,8.0
S123,51,DSA,Stack,0,3,10,8.0
S123,138,DSA,Stack,1,2,4,8.0
S123,190,DSA,Queue,0,2,8,8.0
S123,259,DSA,Queue,0,4,11,8.0
S123,187,DSA,Queue,1,4,6,8.0
S123,32,DSA,Stack,0,3,9,8.0
S123,279,DSA,Queue,0,4,12,8.0
S123,267,DSA,Queue,0,3,7,8.0
S124,57,DSA,Stack,0,5,9,8.0
S124,179,DSA,Queue,1,1,6,8.0
S124,236,DSA,Queue,0,3,10,8.0
S124,258,DSA,Queue,1,2,11,8.0
S124,142,DSA,Stack,1,4,15,8.0
S124,98,DSA,Stack,0,5,13,8.0
S124,70,DSA,Stack,0,1,9,8.0
S124,85,DSA,Stack,0,3,7,8.0
S124,89,DSA,Stack,1,1,8,8.0
S124,32,DSA,Stack,1,3,14,8.0
S125,3,DSA,Stack,0,2,10,
S125,16,DSA,Stack,0,2,11,8.0
S125,280,DSA,Queue,1,2,11,8.0
S125,284,DSA,Queue,0,5,11,8.0
S125,75,DSA,Stack,0,1,8,8.0
S125,95,DSA,Stack,1,3,11,8.0
S125,39,DSA,Stack,0,1,4,8.0
S125,173,DSA,Queue,0,4,4,8.0
S125,97,DSA,Stack,1,4,3,8.0
S125,110,DSA,Stack,1,4,13,8.0
S126,167,DSA,Stack,1,2,15,8.0
S126,64,DSA,Stack,1,2,11,8.0
S126,61,DSA,Stack,1,1,7,8.0
S126,60,DSA,Stack,1,2,9,8.0
S126,88,DSA,Stack,1,5,14,8.0
S126,216,DSA,Queue,1,4,8,8.0
S126,143,DSA,Stack,0,3,10,8.0
S126,134,DSA,Stack,0,3,13,8.0
S126,102,DSA,Stack,1,2,4,8.0
S126,1,DSA,Stack,1,1,12,6.0
S127,199,DSA,Queue,0,3,12,8.0
S127,138,DSA,Stack,1,4,10,8.0
S127,64,DSA,Stack,1,3,10,8.0
S127,106,DSA,Stack,1,1,7,8.0
S127,237,DSA,Queue,1,1,3,8.0
S127,208,DSA,Queue,1,2,8,8.0
S127,139,DSA,Stack,0,2,5,8.0
S127,157,DSA,Stack,0,5,4,8.0
S127,190,DSA,Queue,1,3,10,8.0
S127,259,DSA,Queue,1,4,5,8.0
S128,219,DSA,Queue,0,3,11,8.0
S128,230,DSA,Queue,1,3,15,8.0
S128,13,DSA,Stack,1,2,11,8.0
S128,162,DSA,Stack,0,2,14,8.0
S128,62,DSA,Stack,0,3,13,8.0
S128,38,DSA,Stack,0,2,10,8.0
S128,23,DSA,Stack,0,5,13,8.0
S128,112,DSA,Stack,0,2,14,8.0
S128,198,DSA,Queue,0,3,3,8.0
S128,285,DSA,Queue,1,5,9,8.0
S129,68,DSA,Stack,0,2,6,8.0
S129,226,DSA,Queue,0,3,9,8.0
S129,30,DSA,Stack,1,4,9,8.0
S129,87,DSA,Stack,0,1,6,8.0
S129,273,DSA,Queue,0,1,13,8.0
S129,236,DSA,Queue,1,1,15,8.0
S129,27,DSA,Stack,0,5,10,8.0
S129,47,DSA,Stack,1,3,13,8.0
S129,253,DSA,Queue,1,3,12,8.0
S129,122,DSA,Stack,0,5,7,8.0
S130,202,DSA,Queue,1,4,3,8.0
S130,233,DSA,Queue,1,1,14,8.0
S130,246,DSA,Queue,0,3,5,8.0
S130,14,DSA,Stack,1,5,9,8.0
S130,128,DSA,Stack,0,3,12,8.0
S130,253,DSA,Queue,0,4,14,8.0
S130,66,DSA,Stack,1,5,10,8.0
S130,280,DSA,Queue,1,3,9,8.0
S130,50,DSA,Stack,0,1,7,8.0
S130,264,DSA,Queue,0,4,15,8.0
S131,132,DSA,Stack,1,1,4,8.0
S131,52,DSA,Stack,0,3,4,8.0
S131,234,DSA,Queue,1,5,15,8.0
S131,82,DSA,Stack,1,5,5,8.0
S131,143,DSA,Stack,0,3,15,8.0
S131,5,DSA,Stack,1,3,3,
S131,197,DSA,Queue,1,5,9,8.0
S131,57,DSA,Stack,1,4,6,8.0
S131,193,DSA,Queue,1,2,13,8.0
S131,105,DSA,Stack,0,2,4,8.0
S132,239,DSA,Queue,0,3,10,8.0
S132,233,DSA,Queue,0,3,15,8.0
S132,213,DSA,Queue,0,2,13,8.0
S132,284,DSA,Queue,0,1,15,8.0
S132,37,DSA,Stack,0,1,7,8.0
S132,270,DSA,Queue,1,2,13,8.0
S132,209,DSA,Queue,0,2,3,8.0
S132,202,DSA,Queue,1,3,15,8.0
S132,27,DSA,Stack,0,1,6,8.0
S132,262,DSA,Queue,1,1,10,8.0
S133,22,DSA,Stack,1,2,7,8.0
S133,140,DSA,Stack,1,5,4,8.0
S133,60,DSA,Stack,1,2,8,8.0
S133,279,DSA,Queue,0,4,4,8.0
S133,95,DSA,Stack,1,5,4,8.0
S133,41,DSA,Stack,1,3,13,8.0
S133,179,DSA,Queue,1,5,10,8.0
S133,119,DSA,Stack,0,5,10,8.0
S133,220,DSA,Queue,0,2,4,8.0
S133,87,DSA,Stack,1,2,3,8.0
S134,7,DSA,Stack,1,1,8,
S134,189,DSA,Queue,0,1,5,8.0
S134,247,DSA,Queue,1,2,11,8.0
S134,174,DSA,Queue,1,1,10,8.0
S134,69,DSA,Stack,0,4,14,8.0
S134,171,DSA,Queue,0,5,3,8.0
S134,175,DSA,Queue,1,5,10,8.0
S134,224,DSA,Queue,0,3,4,8.0
S134,152,DSA,Stack,1,5,10,8.0
S134,2,DSA,Stack,1,2,11,
S135,45,DSA,Stack,1,5,13,8.0
S135,201,DSA,Queue,1,3,6,8.0
S135,250,DSA,Queue,1,5,5,8.0
S135,275,DSA,Queue,0,5,4,8.0
S135,5,DSA,Stack,1,5,4,
S135,101,DSA,Stack,1,1,9,8.0
S135,100,DSA,Stack,0,1,15,8.0
S135,285,DSA,Queue,0,1,15,8.0
S135,185,DSA,Queue,1,4,10,8.0
S135,110,DSA,Stack,1,2,5,8.0
S136,238,DSA,Queue,0,2,3,8.0
S136,104,DSA,Stack,1,4,3,8.0
S136,170,DSA,Stack,0,2,9,8.0
S136,247,DSA,Queue,1,1,13,8.0
S136,32,DSA,Stack,1,2,14,8.0
S136,8,DSA,Stack,0,2,13,
S136,267,DSA,Queue,0,3,3,8.0
S136,147,DSA,Stack,1,4,15,8.0
S136,63,DSA,Stack,1,1,10,8.0
S136,197,DSA,Queue,0,3,6,8.0
S137,283,DSA,Queue,1,3,3,8.0
S137,276,DSA,Queue,1,2,11,8.0
S137,66,DSA,Stack,0,5,14,8.0
S137,258,DSA,Queue,0,2,14,8.0
S137,282,DSA,Queue,1,4,13,8.0
S137,80,DSA,Stack,0,3,5,8.0
S137,102,DSA,Stack,1,3,10,8.0
S137,198,DSA,Queue,0,3,13,8.0
S137,197,DSA,Queue,0,3,9,8.0
S137,121,DSA,Stack,0,1,7,8.0
S138,116,DSA,Stack,1,4,5,8.0
S138,121,DSA,Stack,0,4,9,8.0
S138,272,DSA,Queue,1,2,14,8.0
S138,220,DSA,Queue,1,1,3,8.0
S138,174,DSA,Queue,1,4,3,8.0
S138,240,DSA,Queue,1,4,3,8.0
S138,15,DSA,Stack,1,1,11,8.0
S138,92,DSA,Stack,0,2,12,8.0
S138,79,DSA,Stack,1,5,8,8.0
S138,38,DSA,Stack,1,3,4,8.0
S139,201,DSA,Queue,1,2,6,8.0
S139,169,DSA,Stack,1,3,3,8.0
S139,237,DSA,Queue,0,2,15,8.0
S139,203,DSA,Queue,0,3,4,8.0
S139,148,DSA,Stack,0,5,3,8.0
S139,132,DSA,Stack,1,1,14,8.0
S139,240,DSA,Queue,1,5,7,8.0
S139,248,DSA,Queue,1,1,9,8.0
S139,179,DSA,Queue,1,1,4,8.0
S139,146,DSA,Stack,1,3,9,8.0
S140,195,DSA,Queue,0,1,3,8.0
S140,81,DSA,Stack,0,2,8,8.0
S140,119,DSA,Stack,1,2,11,8.0
S140,100,DSA,Stack,1,4,14,8.0
S140,37,DSA,Stack,1,2,12,8.0
S140,9,DSA,Stack,0,4,4,
S140,240,DSA,Queue,1,4,15,8.0
S140,264,DSA,Queue,1,5,7,8.0
S140,118,DSA,Stack,1,3,5,8.0
S140,107,DSA,Stack,1,4,3,8.0
S141,82,DSA,Stack,1,4,14,8.0
S141,37,DSA,Stack,0,4,8,8.0
S141,215,DSA,Queue,1,2,10,8.0
S141,35,DSA,Stack,0,2,13,8.0
S141,162,DSA,Stack,1,1,12,8.0
S141,65,DSA,Stack,1,3,14,8.0
S141,57,DSA,Stack,1,3,7,8.0
S141,166,DSA,Stack,0,2,15,8.0
S141,134,DSA,Stack,1,5,15,8.0
S141,93,DSA,Stack,0,2,10,8.0
S142,176,DSA,Queue,1,3,3,8.0
S142,18,DSA,Stack,0,2,5,8.0
S142,96,DSA,Stack,0,1,15,8.0
S142,274,DSA,Queue,0,5,10,8.0
S142,238,DSA,Queue,1,2,7,8.0
S142,267,DSA,Queue,1,1,13,8.0
S142,95,DSA,Stack,1,5,11,8.0
S142,4,DSA,Stack,0,3,5,
S142,275,DSA,Queue,1,1,11,8.0
S142,162,DSA,Stack,0,3,6,8.0
S143,21,DSA,Stack,1,4,9,8.0
S143,22,DSA,Stack,1,5,12,8.0
S143,134,DSA,Stack,0,3,4,8.0
S143,190,DSA,Queue,1,3,3,8.0
S143,95,DSA,Stack,0,5,14,8.0
S143,94,DSA,Stack,1,3,15,8.0
S143,127,DSA,Stack,0,4,3,8.0
S143,139,DSA,Stack,1,3,12,8.0
S143,140,DSA,Stack,0,2,10,8.0
S143,258,DSA,Queue,1,5,10,8.0
S144,9,DSA,Stack,1,2,3,
S144,124,DSA,Stack,0,1,15,8.0
S144,208,DSA,Queue,0,1,10,8.0
S144,156,DSA,Stack,0,1,12,8.0
S144,130,DSA,Stack,1,3,14,8.0
S144,285,DSA,Queue,1,5,15,8.0
S144,157,DSA,Stack,0,5,9,8.0
S144,251,DSA,Queue,1,4,7,8.0
S144,126,DSA,Stack,1,1,14,8.0
S144,56,DSA,Stack,1,1,13,8.0
S145,54,DSA,Stack,0,2,8,8.0
S145,91,DSA,Stack,1,5,15,8.0
S145,153,DSA,Stack,0,3,8,8.0
S145,138,DSA,Stack,1,4,6,8.0
S145,48,DSA,Stack,0,5,8,8.0
S145,129,DSA,Stack,0,5,4,8.0
S145,58,DSA,Stack,0,1,10,8.0
S145,39,DSA,Stack,1,2,7,8.0
S145,235,DSA,Queue,0,5,14,8.0
S145,67,DSA,Stack,1,2,3,8.0
S146,142,DSA,Stack,1,1,5,8.0
S146,21,DSA,Stack,0,2,4,8.0
S146,26,DSA,Stack,0,1,13,8.0
S146,273,DSA,Queue,1,1,15,8.0
S146,69,DSA,Stack,0,4,11,8.0
S146,229,DSA,Queue,0,3,15,8.0
S146,285,DSA,Queue,0,3,3,8.0
S146,101,DSA,Stack,0,2,3,8.0
S146,55,DSA,Stack,1,1,8,8.0
S146,96,DSA,Stack,1,2,7,8.0
S147,219,DSA,Queue,1,4,6,8.0
S147,162,DSA,Stack,0,3,13,8.0
S147,123,DSA,Stack,1,4,5,8.0
S147,42,DSA,Stack,0,3,7,8.0
S147,173,DSA,Queue,1,1,11,8.0
S147,60,DSA,Stack,1,4,15,8.0
S147,132,DSA,Stack,1,5,7,8.0
S147,259,DSA,Queue,0,1,15,8.0
S147,262,DSA,Queue,0,1,11,8.0
S147,236,DSA,Queue,0,4,10,8.0
S148,127,DSA,Stack,0,5,13,8.0
S148,257,DSA,Queue,0,5,5,8.0
S148,31,DSA,Stack,0,2,15,8.0
S148,259,DSA,Queue,0,2,5,8.0
S148,69,DSA,Stack,0,4,5,8.0
S148,106,DSA,Stack,1,5,6,8.0
S148,178,DSA,Queue,1,1,12,8.0
S148,20,DSA,Stack,1,4,6,8.0
S148,184,DSA,Queue,0,4,10,8.0
S148,190,DSA,Queue,0,4,8,8.0
S149,117,DSA,Stack,1,5,14,8.0
S149,159,DSA,Stack,1,4,12,8.0
S149,29,DSA,Stack,0,5,12,8.0
S149,70,DSA,Stack,0,5,9,8.0
S149,64,DSA,Stack,0,5,12,8.0
S149,33,DSA,Stack,0,4,3,8.0
S149,272,DSA,Queue,0,5,4,8.0
S149,146,DSA,Stack,0,4,6,8.0
S149,84,DSA,Stack,1,4,12,8.0
S149,161,DSA,Stack,0,1,8,8.0
S150,92,DSA,Stack,0,4,5,8.0
S150,206,DSA,Queue,1,2,5,8.0
S150,259,DSA,Queue,0,4,6,8.0
S150,251,DSA,Queue,1,3,6,8.0
S150,224,DSA,Queue,1,5,5,8.0
S150,15,DSA,Stack,0,2,15,8.0
S150,107,DSA,Stack,1,2,14,8.0
S150,30,DSA,Stack,0,1,5,8.0
S150,60,DSA,Stack,1,2,14,8.0
S150,286,DSA,Queue,1,3,10,8.0
S151,118,DSA,Stack,0,4,13,8.0
S151,165,DSA,Stack,1,2,15,8.0
S151,89,DSA,Stack,0,4,10,8.0
S151,123,DSA,Stack,1,1,4,8.0
S151,38,DSA,Stack,1,2,9,8.0
S151,82,DSA,Stack,1,3,10,8.0
S151,214,DSA,Queue,1,2,7,8.0
S151,117,DSA,Stack,0,3,7,8.0
S151,56,DSA,Stack,1,2,14,8.0
S151,200,DSA,Queue,1,2,7,8.0
S152,186,DSA,Queue,1,5,10,8.0
S152,78,DSA,Stack,0,1,15,8.0
S152,16,DSA,Stack,0,1,8,8.0
S152,213,DSA,Queue,0,4,13,8.0
S152,91,DSA,Stack,0,1,13,8.0
S152,141,DSA,Stack,0,4,5,8.0
S152,15,DSA,Stack,0,5,11,8.0
S152,18,DSA,Stack,0,4,3,8.0
S152,219,DSA,Queue,1,2,13,8.0
S152,25,DSA,Stack,0,4,14,8.0
S153,25,DSA,Stack,0,2,7,8.0
S153,203,DSA,Queue,1,1,11,8.0
S153,40,DSA,Stack,0,2,12,8.0
S153,174,DSA,Queue,1,3,9,8.0
S153,158,DSA,Stack,0,1,4,8.0
S153,194,DSA,Queue,0,2,14,8.0
S153,184,DSA,Queue,1,5,3,8.0
S153,286,DSA,Queue,0,5,13,8.0
S153,277,DSA,Queue,1,4,8,8.0
S153,173,DSA,Queue,0,5,8,8.0
S154,106,DSA,Stack,1,3,10,8.0
S154,255,DSA,Queue,1,3,6,8.0
S154,209,DSA,Queue,1,5,3,8.0
S154,63,DSA,Stack,0,4,10,8.0
S154,28,DSA,Stack,0,5,12,8.0
S154,59,DSA,Stack,0,4,6,8.0
S154,5,DSA,Stack,1,5,13,
S154,266,DSA,Queue,1,1,3,8.0
S154,138,DSA,Stack,0,3,3,8.0
S154,133,DSA,Stack,1,4,12,8.0
S155,69,DSA,Stack,0,3,14,8.0
S155,45,DSA,Stack,1,3,3,8.0
S155,153,DSA,Stack,1,1,8,8.0
S155,188,DSA,Queue,1,2,12,8.0
S155,273,DSA,Queue,0,3,6,8.0
S155,161,DSA,Stack,0,1,10,8.0
S155,116,DSA,Stack,0,1,8,8.0
S155,73,DSA,Stack,1,4,9,8.0
S155,159,DSA,Stack,1,3,10,8.0
S155,147,DSA,Stack,0,4,15,8.0
S156,56,DSA,Stack,0,5,10,8.0
S156,105,DSA,Stack,1,1,14,8.0
S156,244,DSA,Queue,0,4,11,8.0
S156,169,DSA,Stack,1,3,14,8.0
S156,80,DSA,Stack,0,3,11,8.0
S156,290,DSA,Queue,1,3,12,8.0
S156,83,DSA,Stack,1,5,13,8.0
S156,81,DSA,Stack,0,3,13,8.0
S156,53,DSA,Stack,0,4,7,8.0
S156,8,DSA,Stack,0,3,8,
S157,46,DSA,Stack,1,4,14,8.0
S157,53,DSA,Stack,1,3,10,8.0
S157,278,DSA,Queue,0,3,14,8.0
S157,103,DSA,Stack,1,2,3,8.0
S157,271,DSA,Queue,0,3,11,8.0
S157,142,DSA,Stack,1,2,8,8.0
S157,191,DSA,Queue,0,5,15,8.0
S157,2,DSA,Stack,1,2,5,
S157,138,DSA,Stack,1,4,9,8.0
S157,114,DSA,Stack,0,1,4,8.0
S158,273,DSA,Queue,1,2,6,8.0
S158,240,DSA,Queue,1,5,10,8.0
S158,135,DSA,Stack,1,5,10,8.0
S158,36,DSA,Stack,0,1,13,8.0
S158,186,DSA,Queue,1,4,7,8.0
S158,241,DSA,Queue,1,4,7,8.0
S158,132,DSA,Stack,0,5,3,8.0
S158,216,DSA,Queue,0,3,10,8.0
S158,79,DSA,Stack,0,3,8,8.0
S158,126,DSA,Stack,1,4,10,8.0
S159,152,DSA,Stack,0,1,8,8.0
S159,258,DSA,Queue,0,3,7,8.0
S159,74,DSA,Stack,0,5,13,8.0
S159,86,DSA,Stack,1,3,6,8.0
S159,185,DSA,Queue,0,2,4,8.0
S159,161,DSA,Stack,0,4,6,8.0
S159,50,DSA,Stack,0,4,14,8.0
S159,158,DSA,Stack,1,3,11,8.0
S159,232,DSA,Queue,0,4,9,8.0
S159,214,DSA,Queue,0,1,4,8.0
S160,32,DSA,Stack,1,3,3,8.0
S160,38,DSA,Stack,0,4,8,8.0
S160,236,DSA,Queue,1,2,10,8.0
S160,83,DSA,Stack,0,1,14,8.0
S160,162,DSA,Stack,1,2,4,8.0
S160,73,DSA,Stack,1,3,7,8.0
S160,284,DSA,Queue,1,5,10,8.0
S160,241,DSA,Queue,0,3,10,8.0
S160,272,DSA,Queue,0,2,8,8.0
S160,252,DSA,Queue,1,1,12,8.0
S161,124,DSA,Stack,1,3,11,8.0
S161,52,DSA,Stack,1,2,10,8.0
S161,84,DSA,Stack,0,3,15,8.0
S161,256,DSA,Queue,0,5,6,8.0
S161,5,DSA,Stack,1,1,5,
S161,237,DSA,Queue,0,3,3,8.0
S161,196,DSA,Queue,0,5,3,8.0
S161,235,DSA,Queue,1,1,9,8.0
S161,272,DSA,Queue,0,5,3,8.0
S161,55,DSA,Stack,0,4,5,8.0
S162,38,DSA,Stack,0,3,6,8.0
S162,17,DSA,Stack,1,4,3,8.0
S162,152,DSA,Stack,1,5,10,8.0
S162,161,DSA,Stack,0,5,4,8.0
S162,131,DSA,Stack,1,5,3,8.0
S162,84,DSA,Stack,1,4,15,8.0
S162,205,DSA,Queue,0,1,13,8.0
S162,78,DSA,Stack,0,3,5,8.0
S162,16,DSA,Stack,0,5,12,8.0
S162,252,DSA,Queue,1,1,3,8.0
S163,187,DSA,Queue,1,3,6,8.0
S163,19,DSA,Stack,1,2,7,8.0
S163,27,DSA,Stack,1,4,10,8.0
S163,148,DSA,Stack,0,5,3,8.0
S163,270,DSA,Queue,1,1,14,8.0
S163,177,DSA,Queue,0,3,15,8.0
S163,275,DSA,Queue,0,5,8,8.0
S163,238,DSA,Queue,0,3,7,8.0
S163,160,DSA,Stack,1,2,9,8.0
S163,154,DSA,Stack,1,1,7,8.0
S164,178,DSA,Queue,1,3,12,8.0
S164,264,DSA,Queue,0,4,13,8.0
S164,8,DSA,Stack,1,5,9,
S164,165,DSA,Stack,1,3,13,8.0
S164,205,DSA,Queue,1,4,14,8.0
S164,246,DSA,Queue,0,3,7,8.0
S164,14,DSA,Stack,0,2,7,8.0
S164,133,DSA,Stack,1,4,12,8.0
S164,176,DSA,Queue,0,3,3,8.0
S164,220,DSA,Queue,0,1,10,8.0
S165,140,DSA,Stack,0,3,15,8.0
S165,237,DSA,Queue,0,1,7,8.0
S165,42,DSA,Stack,0,3,14,8.0
S165,53,DSA,Stack,1,2,9,8.0
S165,28,DSA,Stack,1,3,7,8.0
S165,185,DSA,Queue,0,1,15,8.0
S165,84,DSA,Stack,0,5,8,8.0
S165,78,DSA,Stack,0,1,10,8.0
S165,195,DSA,Queue,0,4,3,8.0
S165,132,DSA,Stack,1,1,15,8.0
S166,89,DSA,Stack,0,3,10,8.0
S166,116,DSA,Stack,1,3,15,8.0
S166,198,DSA,Queue,0,5,8,8.0
S166,24,DSA,Stack,0,3,3,8.0
S166,243,DSA,Queue,0,3,14,8.0
S166,158,DSA,Stack,1,4,5,8.0
S166,90,DSA,Stack,0,3,6,8.0
S166,95,DSA,Stack,0,3,15,8.0
S166,240,DSA,Queue,0,3,14,8.0
S166,238,DSA,Queue,1,3,4,8.0
S167,100,DSA,Stack,0,4,15,8.0
S167,258,DSA,Queue,0,3,6,8.0
S167,41,DSA,Stack,1,1,13,8.0
S167,224,DSA,Queue,0,3,11,8.0
S167,115,DSA,Stack,1,3,3,8.0
S167,274,DSA,Queue,1,2,10,8.0
S167,78,DSA,Stack,1,4,14,8.0
S167,246,DSA,Queue,0,1,5,8.0
S167,223,DSA,Queue,1,3,13,8.0
S167,10,DSA,Stack,0,4,12,
S168,268,DSA,Queue,0,4,15,8.0
S168,269,DSA,Queue,1,4,10,8.0
S168,118,DSA,Stack,1,2,12,8.0
S168,137,DSA,Stack,0,1,5,8.0
S168,198,DSA,Queue,0,2,15,8.0
S168,286,DSA,Queue,0,3,15,8.0
S168,27,DSA,Stack,0,4,13,8.0
S168,78,DSA,Stack,1,5,8,8.0
S168,76,DSA,Stack,0,5,13,8.0
S168,12,DSA,Stack,1,4,10,8.0
S169,260,DSA,Queue,0,5,15,8.0
S169,147,DSA,Stack,1,2,5,8.0
S169,1,DSA,Stack,0,3,5,6.0
S169,46,DSA,Stack,0,3,11,8.0
S169,242,DSA,Queue,0,3,11,8.0
S169,119,DSA,Stack,0,4,15,8.0
S169,48,DSA,Stack,0,4,15,8.0
S169,264,DSA,Queue,0,5,3,8.0
S169,26,DSA,Stack,0,4,11,8.0
S169,148,DSA,Stack,1,4,8,8.0
S170,226,DSA,Queue,0,2,8,8.0
S170,222,DSA,Queue,0,2,8,8.0
S170,213,DSA,Queue,0,1,15,8.0
S170,10,DSA,Stack,1,2,10,
S170,263,DSA,Queue,1,5,6,8.0
S170,23,DSA,Stack,1,3,9,8.0
S170,68,DSA,Stack,0,2,15,8.0
S170,278,DSA,Queue,1,4,13,8.0
S170,42,DSA,Stack,0,5,4,8.0
S170,273,DSA,Queue,1,3,15,8.0
S171,24,DSA,Stack,0,3,11,8.0
S171,253,DSA,Queue,0,2,13,8.0
S171,48,DSA,Stack,0,4,13,8.0
S171,121,DSA,Stack,0,4,10,8.0
S171,104,DSA,Stack,1,3,7,8.0
S171,250,DSA,Queue,0,4,5,8.0
S171,53,DSA,Stack,1,5,12,8.0
S171,139,DSA,Stack,1,2,3,8.0
S171,202,DSA,Queue,0,3,4,8.0
S171,84,DSA,Stack,1,5,14,8.0
S172,244,DSA,Queue,0,2,3,8.0
S172,94,DSA,Stack,0,2,12,8.0
S172,196,DSA,Queue,0,5,4,8.0
S172,253,DSA,Queue,1,1,9,8.0
S172,136,DSA,Stack,0,5,7,8.0
S172,59,DSA,Stack,1,1,8,8.0
S172,207,DSA,Queue,1,2,7,8.0
S172,187,DSA,Queue,1,5,12,8.0
S172,215,DSA,Queue,1,1,6,8.0
S172,92,DSA,Stack,1,4,9,8.0
S173,112,DSA,Stack,0,2,4,8.0
S173,68,DSA,Stack,1,2,4,8.0
S173,229,DSA,Queue,0,3,5,8.0
S173,279,DSA,Queue,1,2,8,8.0
S173,81,DSA,Stack,0,3,15,8.0
S173,227,DSA,Queue,1,4,3,8.0
S173,27,DSA,Stack,0,1,8,8.0
S173,122,DSA,Stack,0,3,4,8.0
S173,251,DSA,Queue,0,4,10,8.0
S173,40,DSA,Stack,0,5,14,8.0
S174,272,DSA,Queue,0,4,7,8.0
S174,22,DSA,Stack,0,4,12,8.0
S174,262,DSA,Queue,0,2,5,8.0
S174,246,DSA,Queue,1,5,7,8.0
S174,132,DSA,Stack,1,3,12,8.0
S174,21,DSA,Stack,1,3,7,8.0
S174,163,DSA,Stack,0,3,15,8.0
S174,258,DSA,Queue,0,3,3,8.0
S174,2,DSA,Stack,1,5,3,
S174,116,DSA,Stack,1,5,5,8.0
S175,208,DSA,Queue,1,4,8,8.0
S175,154,DSA,Stack,0,1,4,8.0
S175,246,DSA,Queue,1,5,11,8.0
S175,231,DSA,Queue,1,1,13,8.0
S175,58,DSA,Stack,1,2,9,8.0
S175,288,DSA,Queue,1,2,7,8.0
S175,191,DSA,Queue,1,2,10,8.0
S175,74,DSA,Stack,0,3,5,8.0
S175,119,DSA,Stack,0,4,11,8.0
S175,242,DSA,Queue,0,5,15,8.0
S176,81,DSA,Stack,1,5,3,8.0
S176,55,DSA,Stack,0,1,8,8.0
S176,30,DSA,Stack,0,5,3,8.0
S176,153,DSA,Stack,0,5,7,8.0
S176,75,DSA,Stack,0,2,5,8.0
S176,264,DSA,Queue,0,4,13,8.0
S176,7,DSA,Stack,0,3,12,
S176,202,DSA,Queue,1,5,8,8.0
S176,22,DSA,Stack,1,2,12,8.0
S176,217,DSA,Queue,0,5,7,8.0
S177,189,DSA,Queue,1,5,14,8.0
S177,122,DSA,Stack,0,1,5,8.0
S177,69,DSA,Stack,1,5,5,8.0
S177,254,DSA,Queue,0,3,6,8.0
S177,232,DSA,Queue,1,5,7,8.0
S177,103,DSA,Stack,1,3,14,8.0
S177,18,DSA,Stack,0,5,6,8.0
S177,277,DSA,Queue,0,3,7,8.0
S177,115,DSA,Stack,1,1,14,8.0
S177,216,DSA,Queue,1,1,3,8.0
S178,16,DSA,Stack,0,4,15,8.0
S178,13,DSA,Stack,1,2,15,8.0
S178,66,DSA,Stack,1,4,12,8.0
S178,169,DSA,Stack,1,1,14,8.0
S178,80,DSA,Stack,0,4,9,8.0
S178,245,DSA,Queue,1,3,3,8.0
S178,214,DSA,Queue,0,2,14,8.0
S178,83,DSA,Stack,0,2,14,8.0
S178,155,DSA,Stack,1,3,6,8.0
S178,110,DSA,Stack,0,3,13,8.0
S179,68,DSA,Stack,1,2,15,8.0
S179,171,DSA,Queue,1,2,15,8.0
S179,283,DSA,Queue,0,2,12,8.0
S179,202,DSA,Queue,1,4,9,8.0
S179,29,DSA,Stack,0,5,10,8.0
S179,169,DSA,Stack,0,5,6,8.0
S179,218,DSA,Queue,0,1,12,8.0
S179,5,DSA,Stack,0,1,6,
S179,289,DSA,Queue,1,4,9,8.0
S179,159,DSA,Stack,1,2,6,8.0
S180,11,DSA,Stack,1,4,9,8.0
S180,15,DSA,Stack,0,4,6,8.0
S180,101,DSA,Stack,1,2,8,8.0
S180,159,DSA,Stack,1,1,14,8.0
S180,272,DSA,Queue,0,1,3,8.0
S180,208,DSA,Queue,1,2,11,8.0
S180,145,DSA,Stack,1,3,14,8.0
S180,16,DSA,Stack,0,1,5,8.0
S180,26,DSA,Stack,0,2,10,8.0
S180,59,DSA,Stack,1,2,14,8.0
S181,32,DSA,Stack,0,5,7,8.0
S181,141,DSA,Stack,1,1,13,8.0
S181,158,DSA,Stack,0,5,10,8.0
S181,38,DSA,Stack,1,2,13,8.0
S181,17,DSA,Stack,0,3,15,8.0
S181,181,DSA,Queue,1,5,10,8.0
S181,258,DSA,Queue,1,5,7,8.0
S181,183,DSA,Queue,1,4,6,8.0
S181,101,DSA,Stack,0,5,5,8.0
S181,90,DSA,Stack,0,5,14,8.0
S182,73,DSA,Stack,1,5,4,8.0
S182,20,DSA,Stack,0,4,3,8.0
S182,15,DSA,Stack,1,4,14,8.0
S182,107,DSA,Stack,1,1,13,8.0
S182,281,DSA,Queue,0,1,12,8.0
S182,214,DSA,Queue,0,4,9,8.0
S182,239,DSA,Queue,1,4,6,8.0
S182,109,DSA,Stack,0,2,9,8.0
S182,64,DSA,Stack,1,4,3,8.0
S182,212,DSA,Queue,1,4,6,8.0
S183,274,DSA,Queue,0,3,5,8.0
S183,281,DSA,Queue,0,4,3,8.0
S183,124,DSA,Stack,1,3,3,8.0
S183,252,DSA,Queue,0,1,14,8.0
S183,260,DSA,Queue,1,4,8,8.0
S183,202,DSA,Queue,1,5,13,8.0
S183,187,DSA,Queue,0,3,13,8.0
S183,285,DSA,Queue,1,5,14,8.0
S183,140,DSA,Stack,0,1,11,8.0
S183,42,DSA,Stack,1,5,14,8.0
S184,1,DSA,Stack,0,4,12,6.0
S184,29,DSA,Stack,0,3,6,8.0
S184,253,DSA,Queue,0,4,15,8.0
S184,235,DSA,Queue,1,1,14,8.0
S184,205,DSA,Queue,1,2,8,8.0
S184,100,DSA,Stack,1,4,11,8.0
S184,126,DSA,Stack,0,4,9,8.0
S184,246,DSA,Queue,1,1,7,8.0
S184,116,DSA,Stack,0,3,7,8.0
S184,238,DSA,Queue,1,3,10,8.0
S185,58,DSA,Stack,0,1,6,8.0
S185,1,DSA,Stack,0,2,13,6.0
S185,61,DSA,Stack,1,4,11,8.0
S185,142,DSA,Stack,1,1,14,8.0
S185,182,DSA,Queue,1,4,14,8.0
S185,62,DSA,Stack,0,3,6,8.0
S185,149,DSA,Stack,0,2,12,8.0
S185,101,DSA,Stack,1,3,11,8.0
S185,178,DSA,Queue,0,4,4,8.0
S185,121,DSA,Stack,1,5,14,8.0
S186,218,DSA,Queue,0,4,14,8.0
S186,72,DSA,Stack,1,1,13,8.0
S186,29,DSA,Stack,0,4,11,8.0
S186,185,DSA,Queue,0,1,10,8.0
S186,254,DSA,Queue,1,5,5,8.0
S186,279,DSA,Queue,0,2,12,8.0
S186,116,DSA,Stack,1,2,9,8.0
S186,121,DSA,Stack,0,5,7,8.0
S186,139,DSA,Stack,1,4,9,8.0
S186,251,DSA,Queue,0,1,4,8.0
S187,86,DSA,Stack,1,1,14,8.0
S187,148,DSA,Stack,0,4,3,8.0
S187,258,DSA,Queue,1,5,6,8.0
S187,279,DSA,Queue,1,3,10,8.0
S187,97,DSA,Stack,0,2,15,8.0
S187,32,DSA,Stack,1,2,3,8.0
S187,89,DSA,Stack,0,5,11,8.0
S187,278,DSA,Queue,1,4,5,8.0
S187,47,DSA,Stack,0,5,10,8.0
S187,215,DSA,Queue,1,3,12,8.0
S188,222,DSA,Queue,0,2,8,8.0
S188,52,DSA,Stack,1,2,11,8.0
S188,119,DSA,Stack,1,3,5,8.0
S188,114,DSA,Stack,1,4,15,8.0
S188,78,DSA,Stack,0,3,13,8.0
S188,236,DSA,Queue,1,1,8,8.0
S188,164,DSA,Stack,0,2,4,8.0
S188,235,DSA,Queue,0,4,14,8.0
S188,192,DSA,Queue,1,4,12,8.0
S188,231,DSA,Queue,1,2,3,8.0
S189,131,DSA,Stack,1,1,15,8.0
S189,286,DSA,Queue,1,1,15,8.0
S189,57,DSA,Stack,0,5,13,8.0
S189,163,DSA,Stack,0,2,3,8.0
S189,219,DSA,Queue,0,2,6,8.0
S189,239,DSA,Queue,1,1,8,8.0
S189,130,DSA,Stack,0,4,12,8.0
S189,227,DSA,Queue,1,4,8,8.0
S189,28,DSA,Stack,0,3,15,8.0
S189,126,DSA,Stack,1,5,8,8.0
S190,214,DSA,Queue,0,3,7,8.0
S190,282,DSA,Queue,0,2,12,8.0
S190,21,DSA,Stack,1,3,3,8.0
S190,248,DSA,Queue,0,5,5,8.0
S190,13,DSA,Stack,0,2,15,8.0
S190,91,DSA,Stack,0,5,7,8.0
S190,228,DSA,Queue,0,3,15,8.0
S190,123,DSA,Stack,0,3,12,8.0
S190,207,DSA,Queue,1,3,8,8.0
S190,22,DSA,Stack,1,4,4,8.0
S191,279,DSA,Queue,1,5,13,8.0
S191,114,DSA,Stack,0,5,5,8.0
S191,124,DSA,Stack,1,1,10,8.0
S191,256,DSA,Queue,1,3,3,8.0
S191,193,DSA,Queue,0,3,5,8.0
S191,62,DSA,Stack,0,2,4,8.0
S191,112,DSA,Stack,0,1,11,8.0
S191,82,DSA,Stack,1,5,14,8.0
S191,15,DSA,Stack,0,4,13,8.0
S191,260,DSA,Queue,1,4,10,8.0
S192,272,DSA,Queue,1,4,12,8.0
S192,54,DSA,Stack,1,5,15,8.0
S192,252,DSA,Queue,1,2,15,8.0
S192,206,DSA,Queue,1,2,7,8.0
S192,194,DSA,Queue,1,2,6,8.0
S192,103,DSA,Stack,1,4,4,8.0
S192,10,DSA,Stack,0,2,4,
S192,262,DSA,Queue,0,2,13,8.0
S192,125,DSA,Stack,1,1,8,8.0
S192,151,DSA,Stack,0,1,12,8.0
S193,137,DSA,Stack,1,5,6,8.0
S193,31,DSA,Stack,1,4,9,8.0
S193,159,DSA,Stack,0,1,11,8.0
S193,229,DSA,Queue,1,4,15,8.0
S193,43,DSA,Stack,0,4,10,8.0
S193,271,DSA,Queue,0,2,9,8.0
S193,24,DSA,Stack,0,5,7,8.0
S193,75,DSA,Stack,0,5,3,8.0
S193,230,DSA,Queue,1,4,5,8.0
S193,84,DSA,Stack,1,2,5,8.0
S194,202,DSA,Queue,1,1,9,8.0
S194,192,DSA,Queue,1,3,7,8.0
S194,139,DSA,Stack,0,5,3,8.0
S194,264,DSA,Queue,1,4,11,8.0
S194,208,DSA,Queue,0,3,9,8.0
S194,52,DSA,Stack,1,3,7,8.0
S194,77,DSA,Stack,0,2,11,8.0
S194,30,DSA,Stack,1,4,9,8.0
S194,5,DSA,Stack,1,2,15,
S194,209,DSA,Queue,1,2,5,8.0
S195,60,DSA,Stack,0,3,4,8.0
S195,36,DSA,Stack,0,3,5,8.0
S195,29,DSA,Stack,0,3,7,8.0
S195,162,DSA,Stack,0,2,8,8.0
S195,135,DSA,Stack,0,1,6,8.0
S195,183,DSA,Queue,1,5,6,8.0
S195,2,DSA,Stack,0,3,3,
S195,278,DSA,Queue,0,2,7,8.0
S195,230,DSA,Queue,0,4,13,8.0
S195,244,DSA,Queue,0,5,9,8.0
S196,172,DSA,Queue,1,2,4,8.0
S196,276,DSA,Queue,1,3,8,8.0
S196,36,DSA,Stack,1,3,15,8.0
S196,98,DSA,Stack,1,1,12,8.0
S196,101,DSA,Stack,0,5,5,8.0
S196,190,DSA,Queue,0,4,8,8.0
S196,73,DSA,Stack,0,5,8,8.0
S196,3,DSA,Stack,0,2,10,
S196,151,DSA,Stack,0,2,5,8.0
S196,288,DSA,Queue,1,2,12,8.0
S197,97,DSA,Stack,0,3,3,8.0
S197,74,DSA,Stack,0,1,13,8.0
S197,85,DSA,Stack,1,3,9,8.0
S197,199,DSA,Queue,1,5,8,8.0
S197,19,DSA,Stack,0,4,15,8.0
S197,159,DSA,Stack,1,3,9,8.0
S197,151,DSA,Stack,1,3,11,8.0
S197,25,DSA,Stack,0,5,9,8.0
S197,147,DSA,Stack,0,2,5,8.0
S197,43,DSA,Stack,1,3,14,8.0
S198,66,DSA,Stack,0,3,12,8.0
S198,275,DSA,Queue,1,4,12,8.0
S198,122,DSA,Stack,0,2,10,8.0
S198,271,DSA,Queue,0,3,9,8.0
S198,207,DSA,Queue,0,5,5,8.0
S198,19,DSA,Stack,0,4,6,8.0
S198,106,DSA,Stack,0,3,10,8.0
S198,285,DSA,Queue,0,5,7,8.0
S198,186,DSA,Queue,0,4,9,8.0
S198,143,DSA,Stack,0,5,5,8.0
S199,267,DSA,Queue,0,5,4,8.0
S199,118,DSA,Stack,0,1,11,8.0
S199,7,DSA,Stack,0,5,3,
S199,75,DSA,Stack,0,2,3,8.0
S199,2,DSA,Stack,0,1,7,
S199,224,DSA,Queue,0,3,4,8.0
S199,127,DSA,Stack,0,3,15,8.0
S199,138,DSA,Stack,0,3,12,8.0
S199,289,DSA,Queue,0,1,10,8.0
S199,210,DSA,Queue,0,1,10,8.0
S200,205,DSA,Queue,0,5,15,8.0
S200,227,DSA,Queue,1,5,9,8.0
S200,183,DSA,Queue,1,4,9,8.0
S200,214,DSA,Queue,1,2,4,8.0
S200,163,DSA,Stack,0,2,8,8.0
S200,179,DSA,Queue,0,3,7,8.0
S200,111,DSA,Stack,1,2,15,8.0
S200,247,DSA,Queue,1,4,10,8.0
S200,67,DSA,Stack,1,5,5,8.0
S200,39,DSA,Stack,1,2,12,8.0
